{"type":"FeatureCollection","name":"edgesKLCC","crs":{"type":"name","properties":{"name":"urn:ogc:def:crs:OGC:1.3:CRS84"}},"features":[{"type":"Feature","properties":{"name":"","kind":"footway"},"geometry":{"type":"LineString","coordinates":[[101.7172604,3.1576785],[101.7172554,3.1577694]]}},{"type":"Feature","properties":{"name":"Persiaran KLCC","kind":"residential"},"geometry":{"type":"LineString","coordinates":[[101.7172604,3.1576785],[101.7171483,3.1576407]]}},{"type":"Feature","properties":{"name":"","kind":"footway"},"geometry":{"type":"LineString","coordinates":[[101.7172604,3.1576785],[101.7172615,3.1576543],[101.7172706,3.157632],[101.7172873,3.1576437],[101.7173089,3.1576506],[101.7174666,3.1576489],[101.7179139,3.1576011],[101.7180666,3.1575525],[101.7181334,3.1575016]]}},{"type":"Feature","properties":{"name":"Persiaran KLCC","kind":"residential"},"geometry":{"type":"LineString","coordinates":[[101.7172604,3.1576785],[101.7175218,3.1576905],[101.7177908,3.1576599]]}},{"type":"Feature","properties":{"name":"","kind":"service"},"geometry":{"type":"LineString","coordinates":[[101.7167279,3.1574953],[101.7166654,3.1574658]]}},{"type":"Feature","properties":{"name":"Persiaran KLCC","kind":"residential"},"geometry":{"type":"LineString","coordinates":[[101.7167279,3.1574953],[101.7166355,3.157502],[101.7165601,3.1575406],[101.7164868,3.1576235]]}},{"type":"Feature","properties":{"name":"Persiaran KLCC","kind":"residential"},"geometry":{"type":"LineString","coordinates":[[101.7167279,3.1574953],[101.716828,3.1575282],[101.7169503,3.1575871]]}},{"type":"Feature","properties":{"name":"Persiaran KLCC","kind":"residential"},"geometry":{"type":"LineString","coordinates":[[101.7153391,3.1580856],[101.7145225,3.1578603]]}},{"type":"Feature","properties":{"name":"Persiaran KLCC","kind":"residential"},"geometry":{"type":"LineString","coordinates":[[101.7153391,3.1580856],[101.7159749,3.1582537],[101.7160851,3.158245]]}},{"type":"Feature","properties":{"name":"Persiaran KLCC","kind":"residential"},"geometry":{"type":"LineString","coordinates":[[101.71357,3.1575974],[101.714071,3.1577357]]}},{"type":"Feature","properties":{"name":"Persiaran Petronas","kind":"service"},"geometry":{"type":"LineString","coordinates":[[101.71357,3.1575974],[101.7135843,3.1575268],[101.7136256,3.1573234],[101.7136262,3.1572752],[101.7136178,3.1572656]]}},{"type":"Feature","properties":{"name":"Persiaran Petronas","kind":"service"},"geometry":{"type":"LineString","coordinates":[[101.71357,3.1575974],[101.7134924,3.1579253],[101.7134877,3.1579476]]}},{"type":"Feature","properties":{"name":"Persiaran KLCC","kind":"residential"},"geometry":{"type":"LineString","coordinates":[[101.7151721,3.1529172],[101.7151781,3.1530153]]}},{"type":"Feature","properties":{"name":"Jalan Kia Peng","kind":"tertiary"},"geometry":{"type":"LineString","coordinates":[[101.7151721,3.1529172],[101.7147083,3.1529371]]}},{"type":"Feature","properties":{"name":"Jalan Kia Peng","kind":"tertiary"},"geometry":{"type":"LineString","coordinates":[[101.7151721,3.1529172],[101.7160525,3.1528782]]}},{"type":"Feature","properties":{"name":"","kind":"service"},"geometry":{"type":"LineString","coordinates":[[101.7151817,3.153659],[101.714995,3.1536439]]}},{"type":"Feature","properties":{"name":"Persiaran KLCC","kind":"residential"},"geometry":{"type":"LineString","coordinates":[[101.7151817,3.153659],[101.7152435,3.1536666]]}},{"type":"Feature","properties":{"name":"Persiaran KLCC","kind":"residential"},"geometry":{"type":"LineString","coordinates":[[101.7151817,3.153659],[101.7152131,3.1535846]]}},{"type":"Feature","properties":{"name":"","kind":"service"},"geometry":{"type":"LineString","coordinates":[[101.7151817,3.153659],[101.7150602,3.154262],[101.7150815,3.1542935],[101.7151241,3.1543133]]}},{"type":"Feature","properties":{"name":"","kind":"footway"},"geometry":{"type":"LineString","coordinates":[[101.7155091,3.1544993],[101.7159976,3.1545948]]}},{"type":"Feature","properties":{"name":"","kind":"footway"},"geometry":{"type":"LineString","coordinates":[[101.7155091,3.1544993],[101.7151845,3.1544359],[101.7151113,3.1544237]]}},{"type":"Feature","properties":{"name":"","kind":["footway","steps"]},"geometry":{"type":"LineString","coordinates":[[101.7155091,3.1544993],[101.7155016,3.1545411],[101.7154907,3.1546075],[101.715472,3.1547214],[101.7154664,3.1547555]]}},{"type":"Feature","properties":{"name":"","kind":"footway"},"geometry":{"type":"LineString","coordinates":[[101.7136178,3.1572656],[101.7136897,3.1572146],[101.7137331,3.157178]]}},{"type":"Feature","properties":{"name":"Persiaran Petronas","kind":"service"},"geometry":{"type":"LineString","coordinates":[[101.7136178,3.1572656],[101.7135744,3.1572085],[101.7135436,3.1571935],[101.7134507,3.1572209],[101.7134094,3.1572686],[101.7133824,3.1573449]]}},{"type":"Feature","properties":{"name":"Persiaran Petronas","kind":"service"},"geometry":{"type":"LineString","coordinates":[[101.7136178,3.1572656],[101.7136262,3.1572752],[101.7136256,3.1573234],[101.7135843,3.1575268],[101.71357,3.1575974]]}},{"type":"Feature","properties":{"name":"Persiaran Petronas","kind":"service"},"geometry":{"type":"LineString","coordinates":[[101.7133763,3.15768],[101.7133651,3.1579281]]}},{"type":"Feature","properties":{"name":"Persiaran Petronas","kind":"service"},"geometry":{"type":"LineString","coordinates":[[101.7133763,3.15768],[101.7133824,3.1573449]]}},{"type":"Feature","properties":{"name":"","kind":"footway"},"geometry":{"type":"LineString","coordinates":[[101.7133763,3.15768],[101.7132755,3.1576865],[101.7124086,3.1577518]]}},{"type":"Feature","properties":{"name":"Jalan Pinang","kind":"tertiary"},"geometry":{"type":"LineString","coordinates":[[101.7116539,3.1538492],[101.7116828,3.1537912]]}},{"type":"Feature","properties":{"name":"Jalan Pinang","kind":"tertiary"},"geometry":{"type":"LineString","coordinates":[[101.7116539,3.1538492],[101.7115919,3.1539561],[101.7115732,3.1539845]]}},{"type":"Feature","properties":{"name":"","kind":"service"},"geometry":{"type":"LineString","coordinates":[[101.7116539,3.1538492],[101.7118085,3.1537987],[101.7118277,3.1537935]]}},{"type":"Feature","properties":{"name":"","kind":"footway"},"geometry":{"type":"LineString","coordinates":[[101.712623,3.1529035],[101.7120219,3.1517273]]}},{"type":"Feature","properties":{"name":"Jalan Pinang","kind":"tertiary"},"geometry":{"type":"LineString","coordinates":[[101.712623,3.1529035],[101.7129207,3.1528643]]}},{"type":"Feature","properties":{"name":"Jalan Pinang","kind":"tertiary"},"geometry":{"type":"LineString","coordinates":[[101.712623,3.1529035],[101.7125255,3.1529468],[101.7123595,3.1530136]]}},{"type":"Feature","properties":{"name":"Jalan Law Yew Swee","kind":"residential"},"geometry":{"type":"LineString","coordinates":[[101.7098505,3.1562985],[101.7097972,3.1563078]]}},{"type":"Feature","properties":{"name":"Jalan P. Ramlee","kind":"tertiary"},"geometry":{"type":"LineString","coordinates":[[101.7098505,3.1562985],[101.7098825,3.1563282]]}},{"type":"Feature","properties":{"name":"Jalan P. Ramlee","kind":"tertiary"},"geometry":{"type":"LineString","coordinates":[[101.7098505,3.1562985],[101.7097454,3.1561828]]}},{"type":"Feature","properties":{"name":"","kind":"service"},"geometry":{"type":"LineString","coordinates":[[101.7105169,3.1580629],[101.7104945,3.1580586]]}},{"type":"Feature","properties":{"name":"Jalan P. Ramlee","kind":"tertiary"},"geometry":{"type":"LineString","coordinates":[[101.7105169,3.1580629],[101.710568,3.1577687],[101.7106182,3.1573637],[101.7106271,3.157179],[101.7106251,3.1570758],[101.7105928,3.1569725],[101.7104076,3.1567771],[101.7101363,3.1565643],[101.710036,3.1564711]]}},{"type":"Feature","properties":{"name":"","kind":"residential"},"geometry":{"type":"LineString","coordinates":[[101.7116759,3.1522765],[101.7116353,3.1524368],[101.7116507,3.1525471],[101.7116652,3.152596],[101.7116829,3.1526355],[101.7117295,3.1526917]]}},{"type":"Feature","properties":{"name":"Jalan Perak","kind":"tertiary"},"geometry":{"type":"LineString","coordinates":[[101.7116759,3.1522765],[101.7115068,3.1524079],[101.7112415,3.1525483]]}},{"type":"Feature","properties":{"name":"Jalan Perak","kind":"tertiary"},"geometry":{"type":"LineString","coordinates":[[101.7116759,3.1522765],[101.7117081,3.1522348],[101.7118229,3.1520582],[101.7120219,3.1517273]]}},{"type":"Feature","properties":{"name":"","kind":"footway"},"geometry":{"type":"LineString","coordinates":[[101.7126423,3.1549824],[101.7125592,3.1548835]]}},{"type":"Feature","properties":{"name":"","kind":"footway"},"geometry":{"type":"LineString","coordinates":[[101.7126423,3.1549824],[101.712783,3.1549353],[101.7129037,3.1548711],[101.7129865,3.1548149],[101.7130521,3.1547692]]}},{"type":"Feature","properties":{"name":"","kind":"footway"},"geometry":{"type":"LineString","coordinates":[[101.7126423,3.1549824],[101.7126019,3.1550775],[101.7125845,3.1551362],[101.712586,3.1551948],[101.7126725,3.1554108]]}},{"type":"Feature","properties":{"name":"","kind":"footway"},"geometry":{"type":"LineString","coordinates":[[101.7142369,3.156762],[101.7141441,3.1566159]]}},{"type":"Feature","properties":{"name":"","kind":"footway"},"geometry":{"type":"LineString","coordinates":[[101.7142369,3.156762],[101.7141108,3.1569347],[101.713998,3.1570482]]}},{"type":"Feature","properties":{"name":"","kind":"footway"},"geometry":{"type":"LineString","coordinates":[[101.7142369,3.156762],[101.7147276,3.1567049],[101.7149439,3.1566636],[101.7150009,3.1566565]]}},{"type":"Feature","properties":{"name":"","kind":"footway"},"geometry":{"type":"LineString","coordinates":[[101.7141441,3.1566159],[101.7142369,3.156762]]}},{"type":"Feature","properties":{"name":"","kind":"footway"},"geometry":{"type":"LineString","coordinates":[[101.7141441,3.1566159],[101.7140723,3.156526]]}},{"type":"Feature","properties":{"name":"","kind":["footway","steps"]},"geometry":{"type":"LineString","coordinates":[[101.7141441,3.1566159],[101.7139526,3.1566976],[101.7137999,3.1567628],[101.7136328,3.156786]]}},{"type":"Feature","properties":{"name":"","kind":"footway"},"geometry":{"type":"LineString","coordinates":[[101.7133756,3.1558718],[101.7134844,3.1559465]]}},{"type":"Feature","properties":{"name":"","kind":"footway"},"geometry":{"type":"LineString","coordinates":[[101.7133756,3.1558718],[101.7129894,3.1558204],[101.712792,3.155709]]}},{"type":"Feature","properties":{"name":"","kind":"footway"},"geometry":{"type":"LineString","coordinates":[[101.7133756,3.1558718],[101.7133463,3.155806],[101.7133329,3.1557482],[101.713297,3.155691],[101.7132972,3.1556332],[101.7133479,3.155529],[101.7133541,3.155404],[101.7133753,3.1553143],[101.7134343,3.1552331],[101.7134874,3.1552091]]}},{"type":"Feature","properties":{"name":"","kind":["footway","steps"]},"geometry":{"type":"LineString","coordinates":[[101.7133756,3.1558718],[101.713291,3.155965],[101.7132628,3.1560657],[101.713281,3.1561307],[101.7132671,3.1561582]]}},{"type":"Feature","properties":{"name":"","kind":"footway"},"geometry":{"type":"LineString","coordinates":[[101.712792,3.155709],[101.7126395,3.1559181]]}},{"type":"Feature","properties":{"name":"","kind":"footway"},"geometry":{"type":"LineString","coordinates":[[101.712792,3.155709],[101.7126725,3.1554108]]}},{"type":"Feature","properties":{"name":"","kind":"footway"},"geometry":{"type":"LineString","coordinates":[[101.712792,3.155709],[101.7129894,3.1558204],[101.7133756,3.1558718]]}},{"type":"Feature","properties":{"name":"","kind":"footway"},"geometry":{"type":"LineString","coordinates":[[101.712792,3.155709],[101.7128769,3.1555918],[101.7129172,3.1555115],[101.7129628,3.1554874]]}},{"type":"Feature","properties":{"name":"Jalan Perak","kind":"tertiary"},"geometry":{"type":"LineString","coordinates":[[101.708449,3.1543923],[101.7085104,3.1543363]]}},{"type":"Feature","properties":{"name":"Jalan Perak","kind":"tertiary"},"geometry":{"type":"LineString","coordinates":[[101.708449,3.1543923],[101.7083898,3.1544891],[101.7083739,3.1545216],[101.7083534,3.1545833],[101.7083431,3.154645],[101.7083379,3.1547953]]}},{"type":"Feature","properties":{"name":"Jalan P. Ramlee","kind":"tertiary"},"geometry":{"type":"LineString","coordinates":[[101.708449,3.1543923],[101.7082794,3.154423],[101.7082134,3.1544232],[101.7081626,3.1544123],[101.7080002,3.1542682],[101.7077873,3.154024],[101.7077257,3.1539472]]}},{"type":"Feature","properties":{"name":"Jalan Sultan Ismail","kind":"secondary"},"geometry":{"type":"LineString","coordinates":[[101.7079853,3.1535037],[101.7080098,3.1534855]]}},{"type":"Feature","properties":{"name":"Jalan Sultan Ismail","kind":"secondary"},"geometry":{"type":"LineString","coordinates":[[101.7079853,3.1535037],[101.7079756,3.1535121]]}},{"type":"Feature","properties":{"name":"","kind":"service"},"geometry":{"type":"LineString","coordinates":[[101.7079853,3.1535037],[101.7079403,3.1534241]]}},{"type":"Feature","properties":{"name":"","kind":"service"},"geometry":{"type":"LineString","coordinates":[[101.7080794,3.1536302],[101.708142,3.1536771]]}},{"type":"Feature","properties":{"name":"Jalan Sultan Ismail","kind":"secondary"},"geometry":{"type":"LineString","coordinates":[[101.7080794,3.1536302],[101.7082535,3.1534738],[101.7083293,3.1534189],[101.7084632,3.1533463],[101.7086356,3.1532604]]}},{"type":"Feature","properties":{"name":"Jalan Sultan Ismail","kind":"secondary"},"geometry":{"type":"LineString","coordinates":[[101.7080794,3.1536302],[101.7079569,3.1537424],[101.7078724,3.1538094]]}},{"type":"Feature","properties":{"name":"Jalan Sultan Ismail","kind":"secondary"},"geometry":{"type":"LineString","coordinates":[[101.7087953,3.1531871],[101.7086356,3.1532604]]}},{"type":"Feature","properties":{"name":"","kind":"service"},"geometry":{"type":"LineString","coordinates":[[101.7087953,3.1531871],[101.7088234,3.1532558]]}},{"type":"Feature","properties":{"name":"Jalan Sultan Ismail","kind":"secondary"},"geometry":{"type":"LineString","coordinates":[[101.7087953,3.1531871],[101.7089189,3.1531202],[101.7090378,3.1530575],[101.709129,3.1530072]]}},{"type":"Feature","properties":{"name":"Persiaran KLCC","kind":"residential"},"geometry":{"type":"LineString","coordinates":[[101.7160851,3.158245],[101.7159749,3.1582537],[101.7153391,3.1580856]]}},{"type":"Feature","properties":{"name":"Persiaran KLCC","kind":"residential"},"geometry":{"type":"LineString","coordinates":[[101.7160851,3.158245],[101.7161051,3.1582142],[101.7163527,3.1578323],[101.7164868,3.1576235]]}},{"type":"Feature","properties":{"name":"","kind":"service"},"geometry":{"type":"LineString","coordinates":[[101.7119516,3.1532469],[101.7119638,3.1533065]]}},{"type":"Feature","properties":{"name":"Jalan Pinang","kind":"tertiary"},"geometry":{"type":"LineString","coordinates":[[101.7119516,3.1532469],[101.7118786,3.1533823]]}},{"type":"Feature","properties":{"name":"Jalan Pinang","kind":"tertiary"},"geometry":{"type":"LineString","coordinates":[[101.7119516,3.1532469],[101.7120247,3.1531834],[101.712053,3.1531654]]}},{"type":"Feature","properties":{"name":"Jalan Perak","kind":"tertiary"},"geometry":{"type":"LineString","coordinates":[[101.7112415,3.1525483],[101.7111858,3.1525781]]}},{"type":"Feature","properties":{"name":"Jalan Perak","kind":"tertiary"},"geometry":{"type":"LineString","coordinates":[[101.7112415,3.1525483],[101.7115068,3.1524079],[101.7116759,3.1522765]]}},{"type":"Feature","properties":{"name":"","kind":"residential"},"geometry":{"type":"LineString","coordinates":[[101.7112415,3.1525483],[101.7113279,3.152539],[101.7114116,3.1525489],[101.7115144,3.1525873],[101.7116308,3.1526714],[101.7116982,3.1527258]]}},{"type":"Feature","properties":{"name":"Jalan Pinang","kind":"tertiary"},"geometry":{"type":"LineString","coordinates":[[101.7110416,3.1547301],[101.7110682,3.1546951]]}},{"type":"Feature","properties":{"name":"Jalan Pinang","kind":"tertiary"},"geometry":{"type":"LineString","coordinates":[[101.7110416,3.1547301],[101.710994,3.1547991]]}},{"type":"Feature","properties":{"name":"","kind":"service"},"geometry":{"type":"LineString","coordinates":[[101.7110416,3.1547301],[101.7110061,3.1547179]]}},{"type":"Feature","properties":{"name":"","kind":"service"},"geometry":{"type":"LineString","coordinates":[[101.7110416,3.1547301],[101.7111445,3.1547777]]}},{"type":"Feature","properties":{"name":"Jalan Pinang","kind":"tertiary"},"geometry":{"type":"LineString","coordinates":[[101.7115177,3.1540759],[101.7115732,3.1539845]]}},{"type":"Feature","properties":{"name":"Jalan Pinang","kind":"tertiary"},"geometry":{"type":"LineString","coordinates":[[101.7115177,3.1540759],[101.7111278,3.154613]]}},{"type":"Feature","properties":{"name":"","kind":"service"},"geometry":{"type":"LineString","coordinates":[[101.7115177,3.1540759],[101.7114619,3.1540343]]}},{"type":"Feature","properties":{"name":"","kind":"service"},"geometry":{"type":"LineString","coordinates":[[101.7115177,3.1540759],[101.7115866,3.1541691]]}},{"type":"Feature","properties":{"name":"","kind":"service"},"geometry":{"type":"LineString","coordinates":[[101.7115177,3.1540759],[101.7115501,3.154214]]}},{"type":"Feature","properties":{"name":"","kind":"service"},"geometry":{"type":"LineString","coordinates":[[101.71205,3.1551968],[101.7118751,3.1551158]]}},{"type":"Feature","properties":{"name":"","kind":"service"},"geometry":{"type":"LineString","coordinates":[[101.71205,3.1551968],[101.7120346,3.1552211],[101.712028,3.1552491],[101.712031,3.1552776],[101.7120432,3.1553037]]}},{"type":"Feature","properties":{"name":"","kind":"service"},"geometry":{"type":"LineString","coordinates":[[101.71205,3.1551968],[101.7120699,3.1551803],[101.7120938,3.1551705]]}},{"type":"Feature","properties":{"name":"","kind":"service"},"geometry":{"type":"LineString","coordinates":[[101.7123595,3.1530136],[101.7123927,3.1530646]]}},{"type":"Feature","properties":{"name":"Jalan Pinang","kind":"tertiary"},"geometry":{"type":"LineString","coordinates":[[101.7123595,3.1530136],[101.7122106,3.1530837]]}},{"type":"Feature","properties":{"name":"Jalan Pinang","kind":"tertiary"},"geometry":{"type":"LineString","coordinates":[[101.7123595,3.1530136],[101.7125255,3.1529468],[101.712623,3.1529035]]}},{"type":"Feature","properties":{"name":"","kind":"service"},"geometry":{"type":"LineString","coordinates":[[101.7126389,3.1534396],[101.7127148,3.1535415]]}},{"type":"Feature","properties":{"name":"","kind":"service"},"geometry":{"type":"LineString","coordinates":[[101.7126389,3.1534396],[101.7125928,3.1533678]]}},{"type":"Feature","properties":{"name":"","kind":"footway"},"geometry":{"type":"LineString","coordinates":[[101.7126389,3.1534396],[101.71257,3.1534853]]}},{"type":"Feature","properties":{"name":"","kind":"service"},"geometry":{"type":"LineString","coordinates":[[101.714995,3.1536439],[101.7151817,3.153659]]}},{"type":"Feature","properties":{"name":"Persiaran Stonor","kind":"residential"},"geometry":{"type":"LineString","coordinates":[[101.7181519,3.152866],[101.7181826,3.152865]]}},{"type":"Feature","properties":{"name":"Jalan Stonor","kind":"residential"},"geometry":{"type":"LineString","coordinates":[[101.7181519,3.152866],[101.7181931,3.1536406]]}},{"type":"Feature","properties":{"name":"Jalan Stonor","kind":"residential"},"geometry":{"type":"LineString","coordinates":[[101.7181519,3.152866],[101.718073,3.1527068]]}},{"type":"Feature","properties":{"name":"Jalan Stonor","kind":"residential"},"geometry":{"type":"LineString","coordinates":[[101.7178392,3.1522226],[101.7177995,3.1521472]]}},{"type":"Feature","properties":{"name":"Jalan Kia Peng","kind":"tertiary"},"geometry":{"type":"LineString","coordinates":[[101.7178392,3.1522226],[101.7177692,3.152258]]}},{"type":"Feature","properties":{"name":"Jalan Stonor","kind":"residential"},"geometry":{"type":"LineString","coordinates":[[101.7178392,3.1522226],[101.7178815,3.152311]]}},{"type":"Feature","properties":{"name":"Jalan Kia Peng","kind":"tertiary"},"geometry":{"type":"LineString","coordinates":[[101.7178392,3.1522226],[101.7178903,3.1521942]]}},{"type":"Feature","properties":{"name":"Jalan Changkat Kia Peng","kind":"residential"},"geometry":{"type":"LineString","coordinates":[[101.7147083,3.1529371],[101.7147158,3.1528634]]}},{"type":"Feature","properties":{"name":"Jalan Kia Peng","kind":"tertiary"},"geometry":{"type":"LineString","coordinates":[[101.7147083,3.1529371],[101.7151721,3.1529172]]}},{"type":"Feature","properties":{"name":"Jalan Kia Peng","kind":"tertiary"},"geometry":{"type":"LineString","coordinates":[[101.7147083,3.1529371],[101.7146238,3.1529366],[101.7143882,3.1529291],[101.7143509,3.1529279],[101.7143363,3.1529267],[101.7143033,3.1529237],[101.7142866,3.1529218],[101.7141473,3.1529059]]}},{"type":"Feature","properties":{"name":"Jalan Changkat Kia Peng","kind":"residential"},"geometry":{"type":"LineString","coordinates":[[101.7160328,3.1520697],[101.7161331,3.152059],[101.7162024,3.1520237],[101.7162538,3.1519653],[101.7162865,3.1518702],[101.7162886,3.1517698],[101.7162734,3.1517168]]}},{"type":"Feature","properties":{"name":"Jalan Pinang","kind":"tertiary"},"geometry":{"type":"LineString","coordinates":[[101.7106986,3.1552201],[101.7107817,3.1551098]]}},{"type":"Feature","properties":{"name":"Jalan Pinang","kind":"tertiary"},"geometry":{"type":"LineString","coordinates":[[101.7106986,3.1552201],[101.7106615,3.1552735]]}},{"type":"Feature","properties":{"name":"","kind":"service"},"geometry":{"type":"LineString","coordinates":[[101.7106986,3.1552201],[101.7106717,3.1551884]]}},{"type":"Feature","properties":{"name":"","kind":"footway"},"geometry":{"type":"LineString","coordinates":[[101.7107127,3.1566522],[101.7107591,3.1566202],[101.710795,3.1566147],[101.7108149,3.1566119]]}},{"type":"Feature","properties":{"name":"","kind":["footway","steps"]},"geometry":{"type":"LineString","coordinates":[[101.7107127,3.1566522],[101.7105952,3.1567705],[101.7105768,3.1567908]]}},{"type":"Feature","properties":{"name":"","kind":["footway","steps"]},"geometry":{"type":"LineString","coordinates":[[101.7107127,3.1566522],[101.7105968,3.1564898],[101.7105671,3.1564587],[101.7105636,3.1564561],[101.7105494,3.1564397]]}},{"type":"Feature","properties":{"name":"","kind":"footway"},"geometry":{"type":"LineString","coordinates":[[101.7107127,3.1566522],[101.7107725,3.156736],[101.7107921,3.1567635]]}},{"type":"Feature","properties":{"name":"","kind":"service"},"geometry":{"type":"LineString","coordinates":[[101.7113615,3.1557905],[101.7112219,3.1557984]]}},{"type":"Feature","properties":{"name":"","kind":"service"},"geometry":{"type":"LineString","coordinates":[[101.7113615,3.1557905],[101.711384,3.1561873]]}},{"type":"Feature","properties":{"name":"","kind":"service"},"geometry":{"type":"LineString","coordinates":[[101.7113615,3.1557905],[101.7114394,3.1558143],[101.711488,3.1558567]]}},{"type":"Feature","properties":{"name":"","kind":"service"},"geometry":{"type":"LineString","coordinates":[[101.7081703,3.1570935],[101.7086572,3.1571729]]}},{"type":"Feature","properties":{"name":"Jalan Changkat Perak","kind":"residential"},"geometry":{"type":"LineString","coordinates":[[101.7081679,3.1546035],[101.7081494,3.1546188]]}},{"type":"Feature","properties":{"name":"Jalan P. Ramlee","kind":"tertiary"},"geometry":{"type":"LineString","coordinates":[[101.7081679,3.1546035],[101.708223,3.1546657]]}},{"type":"Feature","properties":{"name":"Jalan P. Ramlee","kind":"tertiary"},"geometry":{"type":"LineString","coordinates":[[101.7081679,3.1546035],[101.7077106,3.1540925],[101.7076805,3.1540564]]}},{"type":"Feature","properties":{"name":"Jalan Changkat Perak","kind":"residential"},"geometry":{"type":"LineString","coordinates":[[101.7073483,3.1553276],[101.7074922,3.1551921],[101.7078402,3.1548754],[101.7078768,3.154845]]}},{"type":"Feature","properties":{"name":"Jalan Cangkat Perak","kind":"residential"},"geometry":{"type":"LineString","coordinates":[[101.7073483,3.1553276],[101.7074937,3.1556049],[101.707663,3.1559181],[101.7077169,3.1560011]]}},{"type":"Feature","properties":{"name":"Jalan Cangkat Perak","kind":"residential"},"geometry":{"type":"LineString","coordinates":[[101.7080816,3.15614],[101.7081338,3.1561608],[101.7081743,3.1562033]]}},{"type":"Feature","properties":{"name":"Jalan Cangkat Perak","kind":"residential"},"geometry":{"type":"LineString","coordinates":[[101.7080816,3.15614],[101.7079412,3.1561629],[101.7078294,3.1561502],[101.7078005,3.1561298],[101.7077169,3.1560011]]}},{"type":"Feature","properties":{"name":"","kind":"service"},"geometry":{"type":"LineString","coordinates":[[101.7080816,3.15614],[101.7080711,3.1560921],[101.7080415,3.1559567]]}},{"type":"Feature","properties":{"name":"Jalan Law Yew Swee","kind":"residential"},"geometry":{"type":"LineString","coordinates":[[101.7092152,3.1569588],[101.7096173,3.1563434]]}},{"type":"Feature","properties":{"name":"Jalan Law Yew Swee","kind":"residential"},"geometry":{"type":"LineString","coordinates":[[101.7092152,3.1569588],[101.7091522,3.157071]]}},{"type":"Feature","properties":{"name":"","kind":"service"},"geometry":{"type":"LineString","coordinates":[[101.7092152,3.1569588],[101.7090998,3.1568144],[101.7089984,3.1566922],[101.7088884,3.1565436],[101.7087832,3.1562304]]}},{"type":"Feature","properties":{"name":"","kind":"service"},"geometry":{"type":"LineString","coordinates":[[101.7091522,3.157071],[101.7091263,3.1571337]]}},{"type":"Feature","properties":{"name":"Jalan Law Yew Swee","kind":"residential"},"geometry":{"type":"LineString","coordinates":[[101.7091522,3.157071],[101.7092152,3.1569588]]}},{"type":"Feature","properties":{"name":"Jalan Law Yew Swee","kind":"residential"},"geometry":{"type":"LineString","coordinates":[[101.7091522,3.157071],[101.7091218,3.1570886],[101.7090815,3.1570979],[101.70904,3.1570966],[101.7089006,3.1570609]]}},{"type":"Feature","properties":{"name":"","kind":"service"},"geometry":{"type":"LineString","coordinates":[[101.7087832,3.1562304],[101.7088884,3.1565436],[101.7089984,3.1566922],[101.7090998,3.1568144],[101.7092152,3.1569588]]}},{"type":"Feature","properties":{"name":"KL City Walk","kind":"footway"},"geometry":{"type":"LineString","coordinates":[[101.7089497,3.1553983],[101.7116114,3.1529311]]}},{"type":"Feature","properties":{"name":"","kind":"footway"},"geometry":{"type":"LineString","coordinates":[[101.7089497,3.1553983],[101.7089023,3.1553481],[101.7088601,3.1553055]]}},{"type":"Feature","properties":{"name":"","kind":"footway"},"geometry":{"type":"LineString","coordinates":[[101.7089497,3.1553983],[101.7089627,3.1554091],[101.7089758,3.1554259]]}},{"type":"Feature","properties":{"name":"","kind":"footway"},"geometry":{"type":"LineString","coordinates":[[101.7125592,3.1548835],[101.7126423,3.1549824]]}},{"type":"Feature","properties":{"name":"","kind":"footway"},"geometry":{"type":"LineString","coordinates":[[101.7125592,3.1548835],[101.7124357,3.1550133]]}},{"type":"Feature","properties":{"name":"","kind":"footway"},"geometry":{"type":"LineString","coordinates":[[101.7125592,3.1548835],[101.7132353,3.1541876]]}},{"type":"Feature","properties":{"name":"","kind":"footway"},"geometry":{"type":"LineString","coordinates":[[101.7124357,3.1550133],[101.7124518,3.1554707]]}},{"type":"Feature","properties":{"name":"","kind":"footway"},"geometry":{"type":"LineString","coordinates":[[101.7124357,3.1550133],[101.7125592,3.1548835]]}},{"type":"Feature","properties":{"name":"","kind":"footway"},"geometry":{"type":"LineString","coordinates":[[101.7124357,3.1550133],[101.7122403,3.1551888],[101.7121969,3.1552278]]}},{"type":"Feature","properties":{"name":"","kind":"footway"},"geometry":{"type":"LineString","coordinates":[[101.7136328,3.156786],[101.7136431,3.1567442],[101.7135781,3.1566438],[101.7135739,3.1565475],[101.7136362,3.1564949],[101.7136627,3.1564526],[101.7136679,3.1564093],[101.7136849,3.1563259],[101.7139223,3.1561047],[101.7139692,3.1561004],[101.7140403,3.1561093],[101.7141516,3.1561408],[101.7142026,3.1561363],[101.7142564,3.1561164]]}},{"type":"Feature","properties":{"name":"","kind":"footway"},"geometry":{"type":"LineString","coordinates":[[101.7136328,3.156786],[101.7136132,3.1568399],[101.7135291,3.1568851],[101.7133231,3.1569538]]}},{"type":"Feature","properties":{"name":"","kind":["footway","steps"]},"geometry":{"type":"LineString","coordinates":[[101.7136328,3.156786],[101.7137999,3.1567628],[101.7139526,3.1566976],[101.7141441,3.1566159]]}},{"type":"Feature","properties":{"name":"","kind":"footway"},"geometry":{"type":"LineString","coordinates":[[101.7133231,3.1569538],[101.7133343,3.1573412],[101.7133824,3.1573449]]}},{"type":"Feature","properties":{"name":"","kind":"footway"},"geometry":{"type":"LineString","coordinates":[[101.7133231,3.1569538],[101.7135291,3.1568851],[101.7136132,3.1568399],[101.7136328,3.156786]]}},{"type":"Feature","properties":{"name":"","kind":"footway"},"geometry":{"type":"LineString","coordinates":[[101.7133231,3.1569538],[101.7135568,3.1569978],[101.7136415,3.1570137],[101.713729,3.1571316],[101.7137331,3.157178]]}},{"type":"Feature","properties":{"name":"","kind":"footway"},"geometry":{"type":"LineString","coordinates":[[101.7133231,3.1569538],[101.7127406,3.1569569],[101.7126099,3.1569308]]}},{"type":"Feature","properties":{"name":"","kind":"footway"},"geometry":{"type":"LineString","coordinates":[[101.7133231,3.1569538],[101.7133196,3.156846],[101.7127849,3.1568693],[101.7127188,3.1568092]]}},{"type":"Feature","properties":{"name":"Persiaran Petronas","kind":"service"},"geometry":{"type":"LineString","coordinates":[[101.7133824,3.1573449],[101.7133763,3.15768]]}},{"type":"Feature","properties":{"name":"","kind":"footway"},"geometry":{"type":"LineString","coordinates":[[101.7133824,3.1573449],[101.7133343,3.1573412],[101.7133231,3.1569538]]}},{"type":"Feature","properties":{"name":"Persiaran Petronas","kind":"service"},"geometry":{"type":"LineString","coordinates":[[101.7133824,3.1573449],[101.7134094,3.1572686],[101.7134507,3.1572209],[101.7135436,3.1571935],[101.7135744,3.1572085],[101.7136178,3.1572656]]}},{"type":"Feature","properties":{"name":"","kind":"footway"},"geometry":{"type":"LineString","coordinates":[[101.7143685,3.1562879],[101.7142564,3.1561164]]}},{"type":"Feature","properties":{"name":"","kind":"footway"},"geometry":{"type":"LineString","coordinates":[[101.7143685,3.1562879],[101.7143044,3.156311],[101.7142584,3.1563672],[101.7142118,3.1564512],[101.7140723,3.156526]]}},{"type":"Feature","properties":{"name":"","kind":"footway"},"geometry":{"type":"LineString","coordinates":[[101.7143685,3.1562879],[101.7144121,3.1562977],[101.7144654,3.1563304],[101.7144985,3.1563655],[101.7145475,3.1564309],[101.714591,3.1564589],[101.7146413,3.1564579],[101.7147272,3.1564766],[101.7147969,3.15649],[101.714872,3.1564713],[101.7149257,3.1564338]]}},{"type":"Feature","properties":{"name":"","kind":"footway"},"geometry":{"type":"LineString","coordinates":[[101.7142564,3.1561164],[101.7143685,3.1562879]]}},{"type":"Feature","properties":{"name":"","kind":"footway"},"geometry":{"type":"LineString","coordinates":[[101.7142564,3.1561164],[101.7142026,3.1561363],[101.7141516,3.1561408],[101.7140403,3.1561093],[101.7139692,3.1561004],[101.7139223,3.1561047],[101.7136849,3.1563259],[101.7136679,3.1564093],[101.7136627,3.1564526],[101.7136362,3.1564949],[101.7135739,3.1565475],[101.7135781,3.1566438],[101.7136431,3.1567442],[101.7136328,3.156786]]}},{"type":"Feature","properties":{"name":"","kind":"footway"},"geometry":{"type":"LineString","coordinates":[[101.7142564,3.1561164],[101.7143369,3.1560468],[101.7144279,3.1559473]]}},{"type":"Feature","properties":{"name":"","kind":"footway"},"geometry":{"type":"LineString","coordinates":[[101.7155966,3.155015],[101.7156499,3.1549889],[101.7156901,3.1549822],[101.7157993,3.1550425],[101.7159,3.1551041],[101.716018,3.155183],[101.7161222,3.1552331],[101.7161891,3.1552536]]}},{"type":"Feature","properties":{"name":"","kind":"footway"},"geometry":{"type":"LineString","coordinates":[[101.7155966,3.155015],[101.7155377,3.155045],[101.7154775,3.1550644],[101.7153462,3.1550688]]}},{"type":"Feature","properties":{"name":"","kind":"footway"},"geometry":{"type":"LineString","coordinates":[[101.7155966,3.155015],[101.7155217,3.1549114],[101.7154536,3.1548381]]}},{"type":"Feature","properties":{"name":"","kind":"footway"},"geometry":{"type":"LineString","coordinates":[[101.71523,3.1552306],[101.7152402,3.1551541],[101.7152777,3.1550711],[101.7153462,3.1550688]]}},{"type":"Feature","properties":{"name":"","kind":"footway"},"geometry":{"type":"LineString","coordinates":[[101.71523,3.1552306],[101.7151647,3.1552492],[101.7150785,3.1552554],[101.7149906,3.1552258],[101.7149096,3.1551676],[101.7148587,3.1551654],[101.7147259,3.1551918],[101.7146155,3.1551878],[101.7145239,3.1551545],[101.7144572,3.1551062],[101.7144087,3.1550435],[101.7143581,3.155017],[101.7142664,3.1549708]]}},{"type":"Feature","properties":{"name":"","kind":"footway"},"geometry":{"type":"LineString","coordinates":[[101.71523,3.1552306],[101.7152833,3.1552772],[101.7153133,3.1553035],[101.7153504,3.1553198],[101.7154063,3.1553207],[101.7154502,3.1553372],[101.7154599,3.1553661],[101.7154432,3.1553875],[101.7153904,3.1554107],[101.7153472,3.1554173],[101.715286,3.1554132],[101.7152363,3.1554068],[101.7152014,3.1554152],[101.7151827,3.1554355]]}},{"type":"Feature","properties":{"name":"","kind":"footway"},"geometry":{"type":"LineString","coordinates":[[101.7166527,3.1550196],[101.7168775,3.1550148],[101.7170063,3.1551348],[101.7170063,3.1553148],[101.716789,3.1557001]]}},{"type":"Feature","properties":{"name":"","kind":"footway"},"geometry":{"type":"LineString","coordinates":[[101.7166527,3.1550196],[101.7165565,3.1550152],[101.7164699,3.1549912],[101.7164424,3.1549787]]}},{"type":"Feature","properties":{"name":"","kind":"footway"},"geometry":{"type":"LineString","coordinates":[[101.7166527,3.1550196],[101.7166694,3.1550916],[101.7166825,3.1551736],[101.7166701,3.1552188],[101.7166376,3.1552467],[101.7165612,3.1552681],[101.7164627,3.155279],[101.7163705,3.1552843],[101.716296,3.1552862],[101.7161891,3.1552536]]}},{"type":"Feature","properties":{"name":"","kind":"footway"},"geometry":{"type":"LineString","coordinates":[[101.7144279,3.1559473],[101.7143369,3.1560468],[101.7142564,3.1561164]]}},{"type":"Feature","properties":{"name":"","kind":"footway"},"geometry":{"type":"LineString","coordinates":[[101.7156157,3.1562324],[101.7156584,3.1562766],[101.7156904,3.1562742]]}},{"type":"Feature","properties":{"name":"","kind":"footway"},"geometry":{"type":"LineString","coordinates":[[101.7156157,3.1562324],[101.7155935,3.1562686],[101.7155638,3.1562992],[101.715532,3.1563206],[101.7154996,3.1563343],[101.7154601,3.1563426],[101.715419,3.1563423],[101.7153763,3.1563326],[101.7153352,3.1563124],[101.7153167,3.1562976]]}},{"type":"Feature","properties":{"name":"","kind":"footway"},"geometry":{"type":"LineString","coordinates":[[101.7156157,3.1562324],[101.7156309,3.1561845],[101.7156335,3.1561368],[101.715625,3.1560922],[101.7156079,3.1560535],[101.715581,3.1560176],[101.7155411,3.1559854]]}},{"type":"Feature","properties":{"name":"","kind":"footway"},"geometry":{"type":"LineString","coordinates":[[101.7168238,3.1561617],[101.7169493,3.1563275],[101.7169613,3.1564253],[101.7169424,3.1565618],[101.7168734,3.1566389],[101.7167064,3.1567329]]}},{"type":"Feature","properties":{"name":"","kind":"footway"},"geometry":{"type":"LineString","coordinates":[[101.7168238,3.1561617],[101.7167693,3.1560166],[101.7167583,3.1558796],[101.716789,3.1557001]]}},{"type":"Feature","properties":{"name":"","kind":"footway"},"geometry":{"type":"LineString","coordinates":[[101.7168238,3.1561617],[101.7164998,3.1561169],[101.7162211,3.1562861]]}},{"type":"Feature","properties":{"name":"","kind":"footway"},"geometry":{"type":"LineString","coordinates":[[101.7152685,3.1560618],[101.7152386,3.1560493]]}},{"type":"Feature","properties":{"name":"","kind":"footway"},"geometry":{"type":"LineString","coordinates":[[101.7152685,3.1560618],[101.715291,3.1560278],[101.7153212,3.1559983],[101.715343,3.1559835],[101.7153788,3.1559673],[101.715413,3.1559591],[101.7154447,3.1559572],[101.7154816,3.1559616],[101.7155089,3.1559696],[101.7155411,3.1559854]]}},{"type":"Feature","properties":{"name":"","kind":"footway"},"geometry":{"type":"LineString","coordinates":[[101.7152685,3.1560618],[101.7152551,3.1560952],[101.7152472,3.156143],[101.7152523,3.1561951],[101.7152742,3.156249],[101.7153049,3.1562881],[101.7153167,3.1562976]]}},{"type":"Feature","properties":{"name":"","kind":"footway"},"geometry":{"type":"LineString","coordinates":[[101.7161403,3.1561319],[101.7162407,3.1559508]]}},{"type":"Feature","properties":{"name":"","kind":"footway"},"geometry":{"type":"LineString","coordinates":[[101.7161403,3.1561319],[101.7162211,3.1562861]]}},{"type":"Feature","properties":{"name":"","kind":"footway"},"geometry":{"type":"LineString","coordinates":[[101.7161403,3.1561319],[101.7159925,3.1561454],[101.7158764,3.1561837],[101.7157435,3.1562496],[101.7156904,3.1562742]]}},{"type":"Feature","properties":{"name":"","kind":"footway"},"geometry":{"type":"LineString","coordinates":[[101.7153167,3.1562976],[101.7153049,3.1562881],[101.7152742,3.156249],[101.7152523,3.1561951],[101.7152472,3.156143],[101.7152551,3.1560952],[101.7152685,3.1560618]]}},{"type":"Feature","properties":{"name":"","kind":"footway"},"geometry":{"type":"LineString","coordinates":[[101.7153167,3.1562976],[101.7153352,3.1563124],[101.7153763,3.1563326],[101.715419,3.1563423],[101.7154601,3.1563426],[101.7154996,3.1563343],[101.715532,3.1563206],[101.7155638,3.1562992],[101.7155935,3.1562686],[101.7156157,3.1562324]]}},{"type":"Feature","properties":{"name":"","kind":"footway"},"geometry":{"type":"LineString","coordinates":[[101.7153167,3.1562976],[101.7152341,3.1563641],[101.7152073,3.1563641],[101.7151617,3.1563481],[101.7151107,3.1563427],[101.7150544,3.1563481],[101.7149954,3.1563722],[101.7149257,3.1564338]]}},{"type":"Feature","properties":{"name":"","kind":"footway"},"geometry":{"type":"LineString","coordinates":[[101.7155411,3.1559854],[101.7155721,3.1559196],[101.7156499,3.1558767],[101.7157062,3.1558767],[101.7157478,3.1558794]]}},{"type":"Feature","properties":{"name":"","kind":"footway"},"geometry":{"type":"LineString","coordinates":[[101.7155411,3.1559854],[101.715581,3.1560176],[101.7156079,3.1560535],[101.715625,3.1560922],[101.7156335,3.1561368],[101.7156309,3.1561845],[101.7156157,3.1562324]]}},{"type":"Feature","properties":{"name":"","kind":"footway"},"geometry":{"type":"LineString","coordinates":[[101.7155411,3.1559854],[101.7155089,3.1559696],[101.7154816,3.1559616],[101.7154447,3.1559572],[101.715413,3.1559591],[101.7153788,3.1559673],[101.715343,3.1559835],[101.7153212,3.1559983],[101.715291,3.1560278],[101.7152685,3.1560618]]}},{"type":"Feature","properties":{"name":"","kind":"footway"},"geometry":{"type":"LineString","coordinates":[[101.7149257,3.1564338],[101.7149875,3.1565099],[101.7150424,3.156634]]}},{"type":"Feature","properties":{"name":"","kind":"footway"},"geometry":{"type":"LineString","coordinates":[[101.7149257,3.1564338],[101.7149954,3.1563722],[101.7150544,3.1563481],[101.7151107,3.1563427],[101.7151617,3.1563481],[101.7152073,3.1563641],[101.7152341,3.1563641],[101.7153167,3.1562976]]}},{"type":"Feature","properties":{"name":"","kind":"footway"},"geometry":{"type":"LineString","coordinates":[[101.7149257,3.1564338],[101.714872,3.1564713],[101.7147969,3.15649],[101.7147272,3.1564766],[101.7146413,3.1564579],[101.714591,3.1564589],[101.7145475,3.1564309],[101.7144985,3.1563655],[101.7144654,3.1563304],[101.7144121,3.1562977],[101.7143685,3.1562879]]}},{"type":"Feature","properties":{"name":"","kind":"footway"},"geometry":{"type":"LineString","coordinates":[[101.7150424,3.156634],[101.7150009,3.1566565]]}},{"type":"Feature","properties":{"name":"","kind":"footway"},"geometry":{"type":"LineString","coordinates":[[101.7150424,3.156634],[101.7149875,3.1565099],[101.7149257,3.1564338]]}},{"type":"Feature","properties":{"name":"","kind":"footway"},"geometry":{"type":"LineString","coordinates":[[101.7150424,3.156634],[101.7150635,3.1566029],[101.7151738,3.1565757],[101.715441,3.1564412],[101.7156258,3.1563258],[101.7156904,3.1562742]]}},{"type":"Feature","properties":{"name":"","kind":"footway"},"geometry":{"type":"LineString","coordinates":[[101.7154664,3.1547555],[101.7154536,3.1548381]]}},{"type":"Feature","properties":{"name":"","kind":"footway"},"geometry":{"type":"LineString","coordinates":[[101.7154664,3.1547555],[101.7159445,3.1547258],[101.715976,3.1547325]]}},{"type":"Feature","properties":{"name":"","kind":"footway"},"geometry":{"type":"LineString","coordinates":[[101.7154664,3.1547555],[101.7146538,3.1548265],[101.7144674,3.154829],[101.7143605,3.154816],[101.7142974,3.1548045]]}},{"type":"Feature","properties":{"name":"","kind":["footway","steps"]},"geometry":{"type":"LineString","coordinates":[[101.7154664,3.1547555],[101.715472,3.1547214],[101.7154907,3.1546075],[101.7155016,3.1545411],[101.7155091,3.1544993]]}},{"type":"Feature","properties":{"name":"","kind":"footway"},"geometry":{"type":"LineString","coordinates":[[101.7129628,3.1554874],[101.7129172,3.1555115],[101.7128769,3.1555918],[101.712792,3.155709]]}},{"type":"Feature","properties":{"name":"","kind":"footway"},"geometry":{"type":"LineString","coordinates":[[101.7129628,3.1554874],[101.7130486,3.1554766],[101.7131157,3.1554418],[101.713231,3.1553133],[101.7132498,3.1552463],[101.7132524,3.1551579],[101.7132364,3.1550963],[101.7132524,3.1550374],[101.7133052,3.1549988],[101.7133449,3.1549884],[101.7134106,3.1550204],[101.7134325,3.1550033]]}},{"type":"Feature","properties":{"name":"","kind":"footway"},"geometry":{"type":"LineString","coordinates":[[101.7129628,3.1554874],[101.7128303,3.1554665],[101.7126725,3.1554108]]}},{"type":"Feature","properties":{"name":"","kind":"footway"},"geometry":{"type":"LineString","coordinates":[[101.7143779,3.1558244],[101.7143581,3.155838],[101.7143293,3.1558394],[101.7143093,3.1558255],[101.7142945,3.1558039],[101.7142941,3.1557691],[101.7142758,3.1557367],[101.7142424,3.1557188],[101.7141991,3.155716],[101.714147,3.1556922],[101.7140499,3.1557138],[101.7139592,3.1556883],[101.7138627,3.1555154],[101.7137326,3.1553159],[101.7136687,3.1552612],[101.7136199,3.1552195],[101.7135159,3.1551962],[101.7134874,3.1552091]]}},{"type":"Feature","properties":{"name":"","kind":"footway"},"geometry":{"type":"LineString","coordinates":[[101.7126395,3.1559181],[101.712792,3.155709]]}},{"type":"Feature","properties":{"name":"","kind":"footway"},"geometry":{"type":"LineString","coordinates":[[101.7126395,3.1559181],[101.7127767,3.1559261],[101.7128613,3.1559853],[101.7129034,3.1560578],[101.7129092,3.1561161]]}},{"type":"Feature","properties":{"name":"","kind":"footway"},"geometry":{"type":"LineString","coordinates":[[101.7126395,3.1559181],[101.7125431,3.1560063],[101.7125465,3.1561372]]}},{"type":"Feature","properties":{"name":"","kind":"footway"},"geometry":{"type":"LineString","coordinates":[[101.7129743,3.1532961],[101.7128953,3.1531267]]}},{"type":"Feature","properties":{"name":"KLCC-Bukit Bintang Pedestrian Walkway","kind":["footway","steps"]},"geometry":{"type":"LineString","coordinates":[[101.7129743,3.1532961],[101.712809,3.1534459],[101.7127388,3.1535123],[101.7127148,3.1535415]]}},{"type":"Feature","properties":{"name":"","kind":"footway"},"geometry":{"type":"LineString","coordinates":[[101.7129743,3.1532961],[101.7131347,3.1532213],[101.7132096,3.1532203],[101.7132272,3.1532717],[101.7132694,3.1532886]]}},{"type":"Feature","properties":{"name":"KLCC-Bukit Bintang Pedestrian Walkway","kind":["footway","steps"]},"geometry":{"type":"LineString","coordinates":[[101.7129743,3.1532961],[101.7129894,3.1533282],[101.7130065,3.1533646],[101.7129828,3.1534158],[101.7132071,3.1539618]]}},{"type":"Feature","properties":{"name":"KLCC-Bukit Bintang Pedestrian Walkway","kind":"footway"},"geometry":{"type":"LineString","coordinates":[[101.7120497,3.1531252],[101.7117299,3.1527842]]}},{"type":"Feature","properties":{"name":"","kind":"footway"},"geometry":{"type":"LineString","coordinates":[[101.7120497,3.1531252],[101.7119435,3.1531648],[101.7118173,3.1532257]]}},{"type":"Feature","properties":{"name":"KLCC-Bukit Bintang Pedestrian Walkway","kind":"footway"},"geometry":{"type":"LineString","coordinates":[[101.7120497,3.1531252],[101.7123285,3.1531104],[101.7126945,3.1535597],[101.7127148,3.1535415]]}},{"type":"Feature","properties":{"name":"Jalan Pinang","kind":"tertiary"},"geometry":{"type":"LineString","coordinates":[[101.7099256,3.1561979],[101.7100259,3.1560706]]}},{"type":"Feature","properties":{"name":"Jalan P. Ramlee","kind":"tertiary"},"geometry":{"type":"LineString","coordinates":[[101.7099256,3.1561979],[101.7099632,3.1562338]]}},{"type":"Feature","properties":{"name":"Jalan Pinang","kind":"tertiary"},"geometry":{"type":"LineString","coordinates":[[101.7099256,3.1561979],[101.7098826,3.1562036],[101.7098637,3.1562049],[101.7098415,3.1562065],[101.7097986,3.1561995],[101.7097454,3.1561828]]}},{"type":"Feature","properties":{"name":"","kind":"footway"},"geometry":{"type":"LineString","coordinates":[[101.7140723,3.156526],[101.7141441,3.1566159]]}},{"type":"Feature","properties":{"name":"","kind":"footway"},"geometry":{"type":"LineString","coordinates":[[101.7140723,3.156526],[101.7142118,3.1564512],[101.7142584,3.1563672],[101.7143044,3.156311],[101.7143685,3.1562879]]}},{"type":"Feature","properties":{"name":"","kind":"footway"},"geometry":{"type":"LineString","coordinates":[[101.7140723,3.156526],[101.7140323,3.1564654],[101.7138995,3.1563254],[101.7137639,3.1561762],[101.7136317,3.1560271],[101.7135123,3.1559656],[101.7134844,3.1559465]]}},{"type":"Feature","properties":{"name":"","kind":"footway"},"geometry":{"type":"LineString","coordinates":[[101.7132235,3.1562443],[101.7132671,3.1561582]]}},{"type":"Feature","properties":{"name":"","kind":["footway","steps"]},"geometry":{"type":"LineString","coordinates":[[101.7132235,3.1562443],[101.7133067,3.1562534],[101.7133399,3.1562794],[101.7133593,3.1562988],[101.7134292,3.1562875],[101.7134275,3.1561876],[101.7134478,3.1561663],[101.7134125,3.1560504],[101.7134844,3.1559465]]}},{"type":"Feature","properties":{"name":"","kind":"footway"},"geometry":{"type":"LineString","coordinates":[[101.7132235,3.1562443],[101.7131635,3.1562548],[101.7131135,3.1562523],[101.7130585,3.156258],[101.7130294,3.1562948],[101.7130328,3.1563342],[101.7130219,3.1563622],[101.7130039,3.1563872],[101.7129881,3.1564055],[101.7129641,3.1564237],[101.7129336,3.156432],[101.7129001,3.1564331],[101.7128667,3.1564227],[101.7128373,3.1564071],[101.7128161,3.1563842],[101.712801,3.1563612],[101.7127948,3.1563344],[101.7127936,3.1563076],[101.7128002,3.1562868],[101.7128088,3.1562659],[101.7128234,3.1562419],[101.712841,3.156222],[101.712878,3.1561934],[101.7129088,3.156149],[101.7129092,3.1561161]]}},{"type":"Feature","properties":{"name":"","kind":"footway"},"geometry":{"type":"LineString","coordinates":[[101.7126099,3.1569308],[101.7127188,3.1568092]]}},{"type":"Feature","properties":{"name":"","kind":"footway"},"geometry":{"type":"LineString","coordinates":[[101.7126099,3.1569308],[101.7124813,3.1570675],[101.712131,3.157439]]}},{"type":"Feature","properties":{"name":"","kind":"footway"},"geometry":{"type":"LineString","coordinates":[[101.7126099,3.1569308],[101.7127406,3.1569569],[101.7133231,3.1569538]]}},{"type":"Feature","properties":{"name":"","kind":"footway"},"geometry":{"type":"LineString","coordinates":[[101.7126099,3.1569308],[101.7124752,3.1567638],[101.7124742,3.1566461]]}},{"type":"Feature","properties":{"name":"","kind":"footway"},"geometry":{"type":"LineString","coordinates":[[101.716789,3.1557001],[101.7167583,3.1558796],[101.7167693,3.1560166],[101.7168238,3.1561617]]}},{"type":"Feature","properties":{"name":"","kind":"footway"},"geometry":{"type":"LineString","coordinates":[[101.716789,3.1557001],[101.7170063,3.1553148],[101.7170063,3.1551348],[101.7168775,3.1550148],[101.7166527,3.1550196]]}},{"type":"Feature","properties":{"name":"","kind":"footway"},"geometry":{"type":"LineString","coordinates":[[101.716789,3.1557001],[101.716772,3.1557083],[101.7165564,3.1558124],[101.7164492,3.1558794],[101.7163767,3.1559544],[101.7163285,3.1559678],[101.7162641,3.1559597],[101.7162407,3.1559508]]}},{"type":"Feature","properties":{"name":"","kind":"footway"},"geometry":{"type":"LineString","coordinates":[[101.7150075,3.1567553],[101.7150035,3.1567309]]}},{"type":"Feature","properties":{"name":"","kind":"footway"},"geometry":{"type":"LineString","coordinates":[[101.7120219,3.1517273],[101.712623,3.1529035]]}},{"type":"Feature","properties":{"name":"Jalan Perak","kind":"tertiary"},"geometry":{"type":"LineString","coordinates":[[101.7120219,3.1517273],[101.7118229,3.1520582],[101.7117081,3.1522348],[101.7116759,3.1522765]]}},{"type":"Feature","properties":{"name":"Jalan Pinang","kind":"tertiary"},"geometry":{"type":"LineString","coordinates":[[101.7101279,3.155941],[101.7101507,3.1559089]]}},{"type":"Feature","properties":{"name":"Jalan Pinang","kind":"tertiary"},"geometry":{"type":"LineString","coordinates":[[101.7101279,3.155941],[101.7100259,3.1560706]]}},{"type":"Feature","properties":{"name":"","kind":"service"},"geometry":{"type":"LineString","coordinates":[[101.7101279,3.155941],[101.7100856,3.1559017]]}},{"type":"Feature","properties":{"name":"","kind":"service"},"geometry":{"type":"LineString","coordinates":[[101.7100571,3.1558753],[101.7100856,3.1559017]]}},{"type":"Feature","properties":{"name":"","kind":"service"},"geometry":{"type":"LineString","coordinates":[[101.7100571,3.1558753],[101.7100126,3.1559254]]}},{"type":"Feature","properties":{"name":"","kind":"service"},"geometry":{"type":"LineString","coordinates":[[101.7100571,3.1558753],[101.7099658,3.1557882]]}},{"type":"Feature","properties":{"name":"","kind":"footway"},"geometry":{"type":"LineString","coordinates":[[101.7107434,3.157087],[101.710755,3.1570098]]}},{"type":"Feature","properties":{"name":"Jalan P. Ramlee","kind":"tertiary"},"geometry":{"type":"LineString","coordinates":[[101.7107434,3.157087],[101.7106622,3.1569216],[101.7104169,3.1566693],[101.7100791,3.1563449],[101.7100008,3.1562697],[101.7099632,3.1562338]]}},{"type":"Feature","properties":{"name":"Jalan P. Ramlee","kind":"tertiary"},"geometry":{"type":"LineString","coordinates":[[101.7107434,3.157087],[101.7107505,3.1571961],[101.7107503,3.1573105],[101.7106526,3.1580249],[101.7106385,3.1581372]]}},{"type":"Feature","properties":{"name":"","kind":"footway"},"geometry":{"type":"LineString","coordinates":[[101.7107434,3.157087],[101.7108197,3.1570756],[101.7108839,3.1570774]]}},{"type":"Feature","properties":{"name":"","kind":"service"},"geometry":{"type":"LineString","coordinates":[[101.7169503,3.1575871],[101.7169223,3.1576643],[101.7169216,3.1576668]]}},{"type":"Feature","properties":{"name":"Persiaran KLCC","kind":"residential"},"geometry":{"type":"LineString","coordinates":[[101.7169503,3.1575871],[101.7170531,3.1576225],[101.7171483,3.1576407]]}},{"type":"Feature","properties":{"name":"Persiaran KLCC","kind":"residential"},"geometry":{"type":"LineString","coordinates":[[101.7169503,3.1575871],[101.716828,3.1575282],[101.7167279,3.1574953]]}},{"type":"Feature","properties":{"name":"Persiaran KLCC","kind":"residential"},"geometry":{"type":"LineString","coordinates":[[101.71819,3.154339],[101.7182623,3.1543569]]}},{"type":"Feature","properties":{"name":"Persiaran KLCC","kind":"residential"},"geometry":{"type":"LineString","coordinates":[[101.71819,3.154339],[101.7181924,3.1544247]]}},{"type":"Feature","properties":{"name":"Persiaran KLCC","kind":"residential"},"geometry":{"type":"LineString","coordinates":[[101.71819,3.154339],[101.7173745,3.1541134],[101.7167009,3.1539231]]}},{"type":"Feature","properties":{"name":"Jalan Stonor","kind":"residential"},"geometry":{"type":"LineString","coordinates":[[101.71819,3.154339],[101.7181896,3.1542935],[101.7181877,3.1540433],[101.7182056,3.1538877]]}},{"type":"Feature","properties":{"name":"Persiaran KLCC","kind":"residential"},"geometry":{"type":"LineString","coordinates":[[101.7181924,3.1544247],[101.7181949,3.1545643]]}},{"type":"Feature","properties":{"name":"Persiaran KLCC","kind":"residential"},"geometry":{"type":"LineString","coordinates":[[101.7181924,3.1544247],[101.71819,3.154339]]}},{"type":"Feature","properties":{"name":"Persiaran KLCC","kind":"residential"},"geometry":{"type":"LineString","coordinates":[[101.7181924,3.1544247],[101.7182648,3.1544421]]}},{"type":"Feature","properties":{"name":"Persiaran KLCC","kind":"residential"},"geometry":{"type":"LineString","coordinates":[[101.7181924,3.1544247],[101.7181521,3.1544126],[101.7179773,3.1543598]]}},{"type":"Feature","properties":{"name":"","kind":"service"},"geometry":{"type":"LineString","coordinates":[[101.7089412,3.1557667],[101.7089837,3.1557308],[101.7090665,3.1556501]]}},{"type":"Feature","properties":{"name":"Jalan P. Ramlee","kind":"tertiary"},"geometry":{"type":"LineString","coordinates":[[101.7090819,3.1556351],[101.7093926,3.1558905]]}},{"type":"Feature","properties":{"name":"Jalan P. Ramlee","kind":"tertiary"},"geometry":{"type":"LineString","coordinates":[[101.7090819,3.1556351],[101.7089332,3.1554673]]}},{"type":"Feature","properties":{"name":"","kind":"service"},"geometry":{"type":"LineString","coordinates":[[101.7090819,3.1556351],[101.7090665,3.1556501]]}},{"type":"Feature","properties":{"name":"","kind":"service"},"geometry":{"type":"LineString","coordinates":[[101.7118751,3.1551158],[101.7115251,3.1549539]]}},{"type":"Feature","properties":{"name":"","kind":"service"},"geometry":{"type":"LineString","coordinates":[[101.7118751,3.1551158],[101.71205,3.1551968]]}},{"type":"Feature","properties":{"name":"","kind":"service"},"geometry":{"type":"LineString","coordinates":[[101.7118751,3.1551158],[101.7118288,3.1552006]]}},{"type":"Feature","properties":{"name":"","kind":"service"},"geometry":{"type":"LineString","coordinates":[[101.7118687,3.1537825],[101.7118277,3.1537935]]}},{"type":"Feature","properties":{"name":"","kind":"service"},"geometry":{"type":"LineString","coordinates":[[101.7118687,3.1537825],[101.7118595,3.1538753]]}},{"type":"Feature","properties":{"name":"","kind":"service"},"geometry":{"type":"LineString","coordinates":[[101.7118687,3.1537825],[101.7119257,3.1537483],[101.711973,3.1536703],[101.7119817,3.1536143]]}},{"type":"Feature","properties":{"name":"","kind":"service"},"geometry":{"type":"LineString","coordinates":[[101.7101155,3.1544843],[101.7099967,3.1545965],[101.7105531,3.1551562],[101.7106494,3.1551621]]}},{"type":"Feature","properties":{"name":"","kind":"service"},"geometry":{"type":"LineString","coordinates":[[101.7125928,3.1533678],[101.7126389,3.1534396]]}},{"type":"Feature","properties":{"name":"","kind":"service"},"geometry":{"type":"LineString","coordinates":[[101.7125928,3.1533678],[101.7123927,3.1530646]]}},{"type":"Feature","properties":{"name":"","kind":"service"},"geometry":{"type":"LineString","coordinates":[[101.7125928,3.1533678],[101.7126542,3.153307],[101.7126826,3.1532852],[101.7128306,3.1531651],[101.7128953,3.1531267]]}},{"type":"Feature","properties":{"name":"","kind":"footway"},"geometry":{"type":"LineString","coordinates":[[101.7128953,3.1531267],[101.7129743,3.1532961]]}},{"type":"Feature","properties":{"name":"","kind":"service"},"geometry":{"type":"LineString","coordinates":[[101.7128953,3.1531267],[101.712964,3.1530921],[101.71309,3.1530396],[101.7131196,3.1530272],[101.71313,3.1530155],[101.7130959,3.1528769]]}},{"type":"Feature","properties":{"name":"","kind":"service"},"geometry":{"type":"LineString","coordinates":[[101.7128953,3.1531267],[101.7128306,3.1531651],[101.7126826,3.1532852],[101.7126542,3.153307],[101.7125928,3.1533678]]}},{"type":"Feature","properties":{"name":"","kind":"service"},"geometry":{"type":"LineString","coordinates":[[101.7130874,3.1528424],[101.7130959,3.1528769]]}},{"type":"Feature","properties":{"name":"Jalan Pinang","kind":"tertiary"},"geometry":{"type":"LineString","coordinates":[[101.7130874,3.1528424],[101.7134164,3.1528246]]}},{"type":"Feature","properties":{"name":"Jalan Pinang","kind":"tertiary"},"geometry":{"type":"LineString","coordinates":[[101.7130874,3.1528424],[101.7129207,3.1528643]]}},{"type":"Feature","properties":{"name":"Jalan Pinang","kind":"tertiary"},"geometry":{"type":"LineString","coordinates":[[101.7111227,3.1546201],[101.7111278,3.154613]]}},{"type":"Feature","properties":{"name":"Jalan Pinang","kind":"tertiary"},"geometry":{"type":"LineString","coordinates":[[101.7111227,3.1546201],[101.7110682,3.1546951]]}},{"type":"Feature","properties":{"name":"","kind":"service"},"geometry":{"type":"LineString","coordinates":[[101.7111227,3.1546201],[101.7111026,3.1545981]]}},{"type":"Feature","properties":{"name":"","kind":"service"},"geometry":{"type":"LineString","coordinates":[[101.7114405,3.1540185],[101.7114619,3.1540343]]}},{"type":"Feature","properties":{"name":"","kind":"service"},"geometry":{"type":"LineString","coordinates":[[101.7114405,3.1540185],[101.7111068,3.1544159]]}},{"type":"Feature","properties":{"name":"","kind":"service"},"geometry":{"type":"LineString","coordinates":[[101.7114405,3.1540185],[101.7111636,3.1537922],[101.7111087,3.1538253]]}},{"type":"Feature","properties":{"name":"Jalan P. Ramlee","kind":"tertiary"},"geometry":{"type":"LineString","coordinates":[[101.7083379,3.1547953],[101.7083971,3.1548621]]}},{"type":"Feature","properties":{"name":"Jalan P. Ramlee","kind":"tertiary"},"geometry":{"type":"LineString","coordinates":[[101.7083379,3.1547953],[101.7082681,3.1547166],[101.708223,3.1546657]]}},{"type":"Feature","properties":{"name":"Jalan Perak","kind":"tertiary"},"geometry":{"type":"LineString","coordinates":[[101.7083379,3.1547953],[101.7083431,3.154645],[101.7083534,3.1545833],[101.7083739,3.1545216],[101.7083898,3.1544891],[101.708449,3.1543923]]}},{"type":"Feature","properties":{"name":"","kind":"service"},"geometry":{"type":"LineString","coordinates":[[101.7089255,3.1552474],[101.7090987,3.1550889]]}},{"type":"Feature","properties":{"name":"","kind":"service"},"geometry":{"type":"LineString","coordinates":[[101.7089255,3.1552474],[101.7088601,3.1553055]]}},{"type":"Feature","properties":{"name":"","kind":"service"},"geometry":{"type":"LineString","coordinates":[[101.7089255,3.1552474],[101.7085531,3.1548559],[101.7084562,3.1548598]]}},{"type":"Feature","properties":{"name":"","kind":"service"},"geometry":{"type":"LineString","coordinates":[[101.7088208,3.1553404],[101.7088601,3.1553055]]}},{"type":"Feature","properties":{"name":"Jalan P. Ramlee","kind":"tertiary"},"geometry":{"type":"LineString","coordinates":[[101.7088208,3.1553404],[101.7089058,3.1554364],[101.7089332,3.1554673]]}},{"type":"Feature","properties":{"name":"Jalan P. Ramlee","kind":"tertiary"},"geometry":{"type":"LineString","coordinates":[[101.7088208,3.1553404],[101.7086876,3.15519],[101.7085985,3.1550894]]}},{"type":"Feature","properties":{"name":"","kind":"service"},"geometry":{"type":"LineString","coordinates":[[101.7085104,3.1543363],[101.7085478,3.1543727]]}},{"type":"Feature","properties":{"name":"Jalan Perak","kind":"tertiary"},"geometry":{"type":"LineString","coordinates":[[101.7085104,3.1543363],[101.708449,3.1543923]]}},{"type":"Feature","properties":{"name":"Jalan Perak","kind":"tertiary"},"geometry":{"type":"LineString","coordinates":[[101.7085104,3.1543363],[101.7085701,3.1542866]]}},{"type":"Feature","properties":{"name":"Jalan Stonor","kind":"residential"},"geometry":{"type":"LineString","coordinates":[[101.7182056,3.1538877],[101.7181931,3.1536406]]}},{"type":"Feature","properties":{"name":"Jalan Stonor","kind":"residential"},"geometry":{"type":"LineString","coordinates":[[101.7182056,3.1538877],[101.7181877,3.1540433],[101.7181896,3.1542935],[101.71819,3.154339]]}},{"type":"Feature","properties":{"name":"Jalan Stonor","kind":"residential"},"geometry":{"type":"LineString","coordinates":[[101.7182056,3.1538877],[101.7182528,3.1540335],[101.7182623,3.1543569]]}},{"type":"Feature","properties":{"name":"","kind":"service"},"geometry":{"type":"LineString","coordinates":[[101.7182056,3.1538877],[101.7183158,3.1539466],[101.7183389,3.1540522]]}},{"type":"Feature","properties":{"name":"","kind":"service"},"geometry":{"type":"LineString","coordinates":[[101.711744,3.1533399],[101.7118321,3.1533733]]}},{"type":"Feature","properties":{"name":"","kind":"service"},"geometry":{"type":"LineString","coordinates":[[101.711744,3.1533399],[101.7118237,3.1532583]]}},{"type":"Feature","properties":{"name":"","kind":"service"},"geometry":{"type":"LineString","coordinates":[[101.711744,3.1533399],[101.7114722,3.1535235],[101.711664,3.1537659]]}},{"type":"Feature","properties":{"name":"Jalan Pinang","kind":"tertiary"},"geometry":{"type":"LineString","coordinates":[[101.7116828,3.1537912],[101.7118419,3.1534504]]}},{"type":"Feature","properties":{"name":"Jalan Pinang","kind":"tertiary"},"geometry":{"type":"LineString","coordinates":[[101.7116828,3.1537912],[101.7116539,3.1538492]]}},{"type":"Feature","properties":{"name":"","kind":"service"},"geometry":{"type":"LineString","coordinates":[[101.7116828,3.1537912],[101.711664,3.1537659]]}},{"type":"Feature","properties":{"name":"","kind":"service"},"geometry":{"type":"LineString","coordinates":[[101.7109477,3.154698],[101.710973,3.1547067]]}},{"type":"Feature","properties":{"name":"","kind":"service"},"geometry":{"type":"LineString","coordinates":[[101.7109477,3.154698],[101.7107454,3.1545066]]}},{"type":"Feature","properties":{"name":"","kind":"service"},"geometry":{"type":"LineString","coordinates":[[101.7109477,3.154698],[101.7108855,3.1547021],[101.7108297,3.1547389],[101.7107563,3.1548295],[101.7107157,3.1548837]]}},{"type":"Feature","properties":{"name":"","kind":"service"},"geometry":{"type":"LineString","coordinates":[[101.7106494,3.1551621],[101.7106717,3.1551884]]}},{"type":"Feature","properties":{"name":"","kind":"service"},"geometry":{"type":"LineString","coordinates":[[101.7106494,3.1551621],[101.7105531,3.1551562],[101.7099967,3.1545965],[101.7101155,3.1544843]]}},{"type":"Feature","properties":{"name":"","kind":"service"},"geometry":{"type":"LineString","coordinates":[[101.7106494,3.1551621],[101.7106331,3.1551213],[101.7106317,3.1550745]]}},{"type":"Feature","properties":{"name":"Jalan Pinang","kind":"tertiary"},"geometry":{"type":"LineString","coordinates":[[101.7110682,3.1546951],[101.7111227,3.1546201]]}},{"type":"Feature","properties":{"name":"Jalan Pinang","kind":"tertiary"},"geometry":{"type":"LineString","coordinates":[[101.7110682,3.1546951],[101.7110416,3.1547301]]}},{"type":"Feature","properties":{"name":"","kind":"service"},"geometry":{"type":"LineString","coordinates":[[101.7110682,3.1546951],[101.7110422,3.1546747]]}},{"type":"Feature","properties":{"name":"","kind":"service"},"geometry":{"type":"LineString","coordinates":[[101.7090987,3.1550889],[101.7089255,3.1552474]]}},{"type":"Feature","properties":{"name":"","kind":"service"},"geometry":{"type":"LineString","coordinates":[[101.7090987,3.1550889],[101.709081,3.155069]]}},{"type":"Feature","properties":{"name":"","kind":"service"},"geometry":{"type":"LineString","coordinates":[[101.7090987,3.1550889],[101.7091939,3.1550018],[101.7085916,3.1544154],[101.7085478,3.1543727]]}},{"type":"Feature","properties":{"name":"","kind":"service"},"geometry":{"type":"LineString","coordinates":[[101.709081,3.155069],[101.7090987,3.1550889]]}},{"type":"Feature","properties":{"name":"Jalan Pinang","kind":"tertiary"},"geometry":{"type":"LineString","coordinates":[[101.7107817,3.1551098],[101.7108795,3.1549751]]}},{"type":"Feature","properties":{"name":"Jalan Pinang","kind":"tertiary"},"geometry":{"type":"LineString","coordinates":[[101.7107817,3.1551098],[101.7106986,3.1552201]]}},{"type":"Feature","properties":{"name":"","kind":"footway"},"geometry":{"type":"LineString","coordinates":[[101.7107817,3.1551098],[101.7108494,3.1551681]]}},{"type":"Feature","properties":{"name":"","kind":"footway"},"geometry":{"type":"LineString","coordinates":[[101.7107817,3.1551098],[101.7107421,3.1550811]]}},{"type":"Feature","properties":{"name":"Jalan Pinang","kind":"tertiary"},"geometry":{"type":"LineString","coordinates":[[101.7100259,3.1560706],[101.7101279,3.155941]]}},{"type":"Feature","properties":{"name":"Jalan Pinang","kind":"tertiary"},"geometry":{"type":"LineString","coordinates":[[101.7100259,3.1560706],[101.7099256,3.1561979]]}},{"type":"Feature","properties":{"name":"","kind":"footway"},"geometry":{"type":"LineString","coordinates":[[101.7100259,3.1560706],[101.7099886,3.1560392]]}},{"type":"Feature","properties":{"name":"","kind":"footway"},"geometry":{"type":"LineString","coordinates":[[101.7100259,3.1560706],[101.7100669,3.1561146]]}},{"type":"Feature","properties":{"name":"Jalan Pinang","kind":"tertiary"},"geometry":{"type":"LineString","coordinates":[[101.7118419,3.1534504],[101.7116828,3.1537912]]}},{"type":"Feature","properties":{"name":"Jalan Pinang","kind":"tertiary"},"geometry":{"type":"LineString","coordinates":[[101.7118419,3.1534504],[101.7118786,3.1533823]]}},{"type":"Feature","properties":{"name":"","kind":"footway"},"geometry":{"type":"LineString","coordinates":[[101.7118419,3.1534504],[101.7118899,3.1534645]]}},{"type":"Feature","properties":{"name":"","kind":"footway"},"geometry":{"type":"LineString","coordinates":[[101.7118419,3.1534504],[101.7118063,3.1534409]]}},{"type":"Feature","properties":{"name":"","kind":["footway","steps"]},"geometry":{"type":"LineString","coordinates":[[101.7119214,3.1531995],[101.7118309,3.1532413],[101.7118173,3.1532257]]}},{"type":"Feature","properties":{"name":"","kind":"footway"},"geometry":{"type":"LineString","coordinates":[[101.7119214,3.1531995],[101.7119529,3.1531696],[101.7119376,3.1531128],[101.7119223,3.1530625]]}},{"type":"Feature","properties":{"name":"","kind":"footway"},"geometry":{"type":"LineString","coordinates":[[101.7119214,3.1531995],[101.7118837,3.1532352],[101.711862,3.1532898],[101.7118407,3.1533373]]}},{"type":"Feature","properties":{"name":"","kind":"service"},"geometry":{"type":"LineString","coordinates":[[101.7085314,3.1575625],[101.7086432,3.1573224]]}},{"type":"Feature","properties":{"name":"","kind":"service"},"geometry":{"type":"LineString","coordinates":[[101.7083933,3.1575205],[101.7085074,3.1572975],[101.7086432,3.1573224]]}},{"type":"Feature","properties":{"name":"","kind":"service"},"geometry":{"type":"LineString","coordinates":[[101.7088104,3.1573531],[101.7086715,3.1575883]]}},{"type":"Feature","properties":{"name":"","kind":"service"},"geometry":{"type":"LineString","coordinates":[[101.7088104,3.1573531],[101.7089832,3.1573847]]}},{"type":"Feature","properties":{"name":"","kind":"service"},"geometry":{"type":"LineString","coordinates":[[101.7088104,3.1573531],[101.7086432,3.1573224]]}},{"type":"Feature","properties":{"name":"","kind":"service"},"geometry":{"type":"LineString","coordinates":[[101.7086715,3.1575883],[101.7088104,3.1573531]]}},{"type":"Feature","properties":{"name":"","kind":"service"},"geometry":{"type":"LineString","coordinates":[[101.7086572,3.1571729],[101.7081703,3.1570935]]}},{"type":"Feature","properties":{"name":"","kind":"service"},"geometry":{"type":"LineString","coordinates":[[101.7086572,3.1571729],[101.7086432,3.1573224]]}},{"type":"Feature","properties":{"name":"","kind":"service"},"geometry":{"type":"LineString","coordinates":[[101.7086572,3.1571729],[101.7089985,3.1572285],[101.7090628,3.1572126],[101.7091117,3.157169],[101.7091263,3.1571337]]}},{"type":"Feature","properties":{"name":"","kind":"service"},"geometry":{"type":"LineString","coordinates":[[101.7086432,3.1573224],[101.7086572,3.1571729]]}},{"type":"Feature","properties":{"name":"","kind":"service"},"geometry":{"type":"LineString","coordinates":[[101.7086432,3.1573224],[101.7085314,3.1575625]]}},{"type":"Feature","properties":{"name":"","kind":"service"},"geometry":{"type":"LineString","coordinates":[[101.7086432,3.1573224],[101.7088104,3.1573531]]}},{"type":"Feature","properties":{"name":"","kind":"service"},"geometry":{"type":"LineString","coordinates":[[101.7086432,3.1573224],[101.7085074,3.1572975],[101.7083933,3.1575205]]}},{"type":"Feature","properties":{"name":"","kind":"footway"},"geometry":{"type":"LineString","coordinates":[[101.717097,3.1548083],[101.7169969,3.1547889],[101.7159976,3.1545948]]}},{"type":"Feature","properties":{"name":"","kind":"footway"},"geometry":{"type":"LineString","coordinates":[[101.715976,3.1547325],[101.7159976,3.1545948]]}},{"type":"Feature","properties":{"name":"","kind":"footway"},"geometry":{"type":"LineString","coordinates":[[101.715976,3.1547325],[101.716121,3.1547634],[101.7164424,3.1549787]]}},{"type":"Feature","properties":{"name":"","kind":"footway"},"geometry":{"type":"LineString","coordinates":[[101.715976,3.1547325],[101.7159445,3.1547258],[101.7154664,3.1547555]]}},{"type":"Feature","properties":{"name":"","kind":"footway"},"geometry":{"type":"LineString","coordinates":[[101.7159976,3.1545948],[101.7155091,3.1544993]]}},{"type":"Feature","properties":{"name":"","kind":"footway"},"geometry":{"type":"LineString","coordinates":[[101.7159976,3.1545948],[101.715976,3.1547325]]}},{"type":"Feature","properties":{"name":"","kind":"footway"},"geometry":{"type":"LineString","coordinates":[[101.7159976,3.1545948],[101.7169969,3.1547889],[101.717097,3.1548083]]}},{"type":"Feature","properties":{"name":"","kind":"footway"},"geometry":{"type":"LineString","coordinates":[[101.713998,3.1570482],[101.7141606,3.1569821]]}},{"type":"Feature","properties":{"name":"","kind":"footway"},"geometry":{"type":"LineString","coordinates":[[101.713998,3.1570482],[101.7138307,3.157137],[101.7137331,3.157178]]}},{"type":"Feature","properties":{"name":"","kind":"footway"},"geometry":{"type":"LineString","coordinates":[[101.713998,3.1570482],[101.7141108,3.1569347],[101.7142369,3.156762]]}},{"type":"Feature","properties":{"name":"KLCC-Bukit Bintang Pedestrian Walkway","kind":"footway"},"geometry":{"type":"LineString","coordinates":[[101.7123063,3.1505356],[101.7122461,3.1506121],[101.7121976,3.1507248],[101.7121379,3.1514122],[101.7121051,3.1515121],[101.7119072,3.1518871],[101.7118,3.1521015]]}},{"type":"Feature","properties":{"name":"","kind":"footway"},"geometry":{"type":"LineString","coordinates":[[101.712131,3.157439],[101.7116283,3.158046]]}},{"type":"Feature","properties":{"name":"","kind":"footway"},"geometry":{"type":"LineString","coordinates":[[101.712131,3.157439],[101.7124813,3.1570675],[101.7126099,3.1569308]]}},{"type":"Feature","properties":{"name":"","kind":"footway"},"geometry":{"type":"LineString","coordinates":[[101.712131,3.157439],[101.7123297,3.1576563],[101.7124086,3.1577518]]}},{"type":"Feature","properties":{"name":"","kind":"footway"},"geometry":{"type":"LineString","coordinates":[[101.712131,3.157439],[101.7119611,3.157282],[101.7118351,3.157207],[101.7117147,3.1571742]]}},{"type":"Feature","properties":{"name":"","kind":"footway"},"geometry":{"type":"LineString","coordinates":[[101.712131,3.157439],[101.7120667,3.1568216],[101.7119675,3.1566771]]}},{"type":"Feature","properties":{"name":"","kind":"footway"},"geometry":{"type":"LineString","coordinates":[[101.7124086,3.1577518],[101.7132755,3.1576865],[101.7133763,3.15768]]}},{"type":"Feature","properties":{"name":"","kind":"footway"},"geometry":{"type":"LineString","coordinates":[[101.7124086,3.1577518],[101.7124685,3.1578244],[101.7124761,3.1578337],[101.7125351,3.1579702],[101.712578,3.1581524],[101.7125834,3.1582996],[101.712586,3.1584072],[101.7125889,3.1585394]]}},{"type":"Feature","properties":{"name":"","kind":"footway"},"geometry":{"type":"LineString","coordinates":[[101.7124086,3.1577518],[101.7123297,3.1576563],[101.712131,3.157439]]}},{"type":"Feature","properties":{"name":"","kind":"footway"},"geometry":{"type":"LineString","coordinates":[[101.712471,3.1562504],[101.7118307,3.1563282]]}},{"type":"Feature","properties":{"name":"","kind":"footway"},"geometry":{"type":"LineString","coordinates":[[101.712471,3.1562504],[101.7124742,3.1566461]]}},{"type":"Feature","properties":{"name":"","kind":"footway"},"geometry":{"type":"LineString","coordinates":[[101.712471,3.1562504],[101.7124713,3.1561416]]}},{"type":"Feature","properties":{"name":"","kind":"footway"},"geometry":{"type":"LineString","coordinates":[[101.7164424,3.1549787],[101.7164699,3.1549912],[101.7165565,3.1550152],[101.7166527,3.1550196]]}},{"type":"Feature","properties":{"name":"","kind":"footway"},"geometry":{"type":"LineString","coordinates":[[101.7164424,3.1549787],[101.716121,3.1547634],[101.715976,3.1547325]]}},{"type":"Feature","properties":{"name":"","kind":"footway"},"geometry":{"type":"LineString","coordinates":[[101.7164424,3.1549787],[101.716392,3.1550595],[101.71634,3.1551061],[101.7162638,3.1551512],[101.7162026,3.1552471],[101.7161891,3.1552536]]}},{"type":"Feature","properties":{"name":"Persiaran KLCC","kind":"residential"},"geometry":{"type":"LineString","coordinates":[[101.7177908,3.1576599],[101.7179737,3.1576937],[101.7181534,3.157673]]}},{"type":"Feature","properties":{"name":"Persiaran KLCC","kind":"residential"},"geometry":{"type":"LineString","coordinates":[[101.7177908,3.1576599],[101.7175218,3.1576905],[101.7172604,3.1576785]]}},{"type":"Feature","properties":{"name":"Persiaran KLCC","kind":"residential"},"geometry":{"type":"LineString","coordinates":[[101.7177908,3.1576599],[101.7179664,3.15763],[101.7181448,3.1575968]]}},{"type":"Feature","properties":{"name":"","kind":"service"},"geometry":{"type":"LineString","coordinates":[[101.7109231,3.1558522],[101.7109065,3.1557116],[101.7108474,3.1552809],[101.7108933,3.1551746]]}},{"type":"Feature","properties":{"name":"","kind":"service"},"geometry":{"type":"LineString","coordinates":[[101.7110344,3.1558734],[101.7111044,3.1558051]]}},{"type":"Feature","properties":{"name":"Persiaran Petronas","kind":"service"},"geometry":{"type":"LineString","coordinates":[[101.7110344,3.1558734],[101.7109685,3.1557374]]}},{"type":"Feature","properties":{"name":"Persiaran Petronas","kind":"service"},"geometry":{"type":"LineString","coordinates":[[101.7110344,3.1558734],[101.7110326,3.156076]]}},{"type":"Feature","properties":{"name":"","kind":"service"},"geometry":{"type":"LineString","coordinates":[[101.7110344,3.1558734],[101.7110006,3.1559042],[101.7109691,3.1559396],[101.7109483,3.1559731],[101.7109312,3.1560159]]}},{"type":"Feature","properties":{"name":"Persiaran Petronas","kind":"service"},"geometry":{"type":"LineString","coordinates":[[101.7109312,3.1560159],[101.710935,3.1560876]]}},{"type":"Feature","properties":{"name":"","kind":"service"},"geometry":{"type":"LineString","coordinates":[[101.7109312,3.1560159],[101.7109483,3.1559731],[101.7109691,3.1559396],[101.7110006,3.1559042],[101.7110344,3.1558734]]}},{"type":"Feature","properties":{"name":"Persiaran Petronas","kind":"service"},"geometry":{"type":"LineString","coordinates":[[101.7109312,3.1560159],[101.7108631,3.1557414],[101.7108146,3.1554265],[101.7107455,3.1553579]]}},{"type":"Feature","properties":{"name":"Persiaran Petronas","kind":"service"},"geometry":{"type":"LineString","coordinates":[[101.7108933,3.1551746],[101.710889,3.1551123]]}},{"type":"Feature","properties":{"name":"","kind":"service"},"geometry":{"type":"LineString","coordinates":[[101.7108933,3.1551746],[101.7108474,3.1552809],[101.7109065,3.1557116],[101.7109231,3.1558522]]}},{"type":"Feature","properties":{"name":"Persiaran Petronas","kind":"service"},"geometry":{"type":"LineString","coordinates":[[101.7108933,3.1551746],[101.7109527,3.1556785],[101.7109685,3.1557374]]}},{"type":"Feature","properties":{"name":"Jalan Pinang","kind":"tertiary"},"geometry":{"type":"LineString","coordinates":[[101.7108795,3.1549751],[101.710994,3.1547991]]}},{"type":"Feature","properties":{"name":"Jalan Pinang","kind":"tertiary"},"geometry":{"type":"LineString","coordinates":[[101.7108795,3.1549751],[101.7107817,3.1551098]]}},{"type":"Feature","properties":{"name":"Persiaran Petronas","kind":"service"},"geometry":{"type":"LineString","coordinates":[[101.7108795,3.1549751],[101.710889,3.1551123]]}},{"type":"Feature","properties":{"name":"","kind":"service"},"geometry":{"type":"LineString","coordinates":[[101.7110314,3.1562073],[101.7109417,3.1562135]]}},{"type":"Feature","properties":{"name":"Persiaran Petronas","kind":"service"},"geometry":{"type":"LineString","coordinates":[[101.7110314,3.1562073],[101.7110326,3.156076]]}},{"type":"Feature","properties":{"name":"","kind":"service"},"geometry":{"type":"LineString","coordinates":[[101.7110314,3.1562073],[101.7113124,3.1561914]]}},{"type":"Feature","properties":{"name":"Persiaran Petronas","kind":"service"},"geometry":{"type":"LineString","coordinates":[[101.7110314,3.1562073],[101.7109939,3.1563308],[101.7109953,3.1565561]]}},{"type":"Feature","properties":{"name":"Jalan Pinang","kind":"tertiary"},"geometry":{"type":"LineString","coordinates":[[101.7106615,3.1552735],[101.7106986,3.1552201]]}},{"type":"Feature","properties":{"name":"Persiaran Petronas","kind":"service"},"geometry":{"type":"LineString","coordinates":[[101.7106615,3.1552735],[101.7107455,3.1553579]]}},{"type":"Feature","properties":{"name":"Jalan Pinang","kind":"tertiary"},"geometry":{"type":"LineString","coordinates":[[101.7106615,3.1552735],[101.7104473,3.1555241],[101.7103391,3.1556649]]}},{"type":"Feature","properties":{"name":"Persiaran Petronas","kind":"service"},"geometry":{"type":"LineString","coordinates":[[101.7107455,3.1553579],[101.7106615,3.1552735]]}},{"type":"Feature","properties":{"name":"","kind":"footway"},"geometry":{"type":"LineString","coordinates":[[101.7107455,3.1553579],[101.7106949,3.1554038]]}},{"type":"Feature","properties":{"name":"Persiaran Petronas","kind":"service"},"geometry":{"type":"LineString","coordinates":[[101.7107455,3.1553579],[101.7108146,3.1554265],[101.7108631,3.1557414],[101.7109312,3.1560159]]}},{"type":"Feature","properties":{"name":"","kind":"footway"},"geometry":{"type":"LineString","coordinates":[[101.7107455,3.1553579],[101.7107622,3.1553185],[101.7107617,3.1552948],[101.7108494,3.1551681]]}},{"type":"Feature","properties":{"name":"","kind":"service"},"geometry":{"type":"LineString","coordinates":[[101.7132734,3.1583088],[101.7133299,3.1583306],[101.7133746,3.1583147],[101.7134099,3.1582745]]}},{"type":"Feature","properties":{"name":"Persiaran Petronas","kind":"service"},"geometry":{"type":"LineString","coordinates":[[101.7132734,3.1583088],[101.7132883,3.1582373],[101.7133651,3.1579281]]}},{"type":"Feature","properties":{"name":"","kind":"service"},"geometry":{"type":"LineString","coordinates":[[101.7134099,3.1582745],[101.7133746,3.1583147],[101.7133299,3.1583306],[101.7132734,3.1583088]]}},{"type":"Feature","properties":{"name":"Persiaran Petronas","kind":"service"},"geometry":{"type":"LineString","coordinates":[[101.7134099,3.1582745],[101.7134504,3.1581259],[101.7134787,3.1579908]]}},{"type":"Feature","properties":{"name":"Persiaran Petronas","kind":"service"},"geometry":{"type":"LineString","coordinates":[[101.710998,3.1578255],[101.7110069,3.1573255]]}},{"type":"Feature","properties":{"name":"","kind":"service"},"geometry":{"type":"LineString","coordinates":[[101.710998,3.1578255],[101.7109481,3.157799],[101.71095,3.1573918]]}},{"type":"Feature","properties":{"name":"Persiaran Petronas","kind":"service"},"geometry":{"type":"LineString","coordinates":[[101.710998,3.1578255],[101.7109975,3.1579275],[101.7109966,3.1580328]]}},{"type":"Feature","properties":{"name":"","kind":"service"},"geometry":{"type":"LineString","coordinates":[[101.7109417,3.1562135],[101.7110314,3.1562073]]}},{"type":"Feature","properties":{"name":"Persiaran Petronas","kind":"service"},"geometry":{"type":"LineString","coordinates":[[101.7109417,3.1562135],[101.710935,3.1560876]]}},{"type":"Feature","properties":{"name":"Persiaran Petronas","kind":"service"},"geometry":{"type":"LineString","coordinates":[[101.7109417,3.1562135],[101.7109336,3.1563263],[101.7109187,3.1565509]]}},{"type":"Feature","properties":{"name":"","kind":"service"},"geometry":{"type":"LineString","coordinates":[[101.7108677,3.1573216],[101.7110069,3.1573255]]}},{"type":"Feature","properties":{"name":"Persiaran Petronas","kind":"service"},"geometry":{"type":"LineString","coordinates":[[101.7108677,3.1573216],[101.7108839,3.1570774]]}},{"type":"Feature","properties":{"name":"Persiaran Petronas","kind":"service"},"geometry":{"type":"LineString","coordinates":[[101.7108677,3.1573216],[101.7107936,3.1580823],[101.7107796,3.1582204]]}},{"type":"Feature","properties":{"name":"","kind":"service"},"geometry":{"type":"LineString","coordinates":[[101.7110069,3.1573255],[101.7108677,3.1573216]]}},{"type":"Feature","properties":{"name":"Persiaran Petronas","kind":"service"},"geometry":{"type":"LineString","coordinates":[[101.7110069,3.1573255],[101.710998,3.1578255]]}},{"type":"Feature","properties":{"name":"Persiaran Petronas","kind":"service"},"geometry":{"type":"LineString","coordinates":[[101.7110069,3.1573255],[101.7110079,3.1572585],[101.7110071,3.1571829]]}},{"type":"Feature","properties":{"name":"Persiaran Petronas","kind":"service"},"geometry":{"type":"LineString","coordinates":[[101.7110066,3.1570129],[101.7110068,3.1570703]]}},{"type":"Feature","properties":{"name":"","kind":"service"},"geometry":{"type":"LineString","coordinates":[[101.7110066,3.1570129],[101.7109614,3.1569752],[101.7109538,3.1567991]]}},{"type":"Feature","properties":{"name":"Persiaran Petronas","kind":"service"},"geometry":{"type":"LineString","coordinates":[[101.7110066,3.1570129],[101.7109961,3.1566776],[101.7109953,3.1565561]]}},{"type":"Feature","properties":{"name":"","kind":"service"},"geometry":{"type":"LineString","coordinates":[[101.7109538,3.1567991],[101.7109614,3.1569752],[101.7110066,3.1570129]]}},{"type":"Feature","properties":{"name":"","kind":"service"},"geometry":{"type":"LineString","coordinates":[[101.71095,3.1573918],[101.7109481,3.157799],[101.710998,3.1578255]]}},{"type":"Feature","properties":{"name":"Persiaran Petronas","kind":"service"},"geometry":{"type":"LineString","coordinates":[[101.7109966,3.1580328],[101.7110283,3.1580716],[101.7111703,3.1582453]]}},{"type":"Feature","properties":{"name":"Persiaran Petronas","kind":"service"},"geometry":{"type":"LineString","coordinates":[[101.7109966,3.1580328],[101.7109975,3.1579275],[101.710998,3.1578255]]}},{"type":"Feature","properties":{"name":"","kind":"footway"},"geometry":{"type":"LineString","coordinates":[[101.7109966,3.1580328],[101.7109779,3.1580369],[101.7109239,3.1581952],[101.7107796,3.1582204]]}},{"type":"Feature","properties":{"name":"","kind":"service"},"geometry":{"type":"LineString","coordinates":[[101.7112219,3.1557984],[101.7111308,3.1558036]]}},{"type":"Feature","properties":{"name":"","kind":"service"},"geometry":{"type":"LineString","coordinates":[[101.7112219,3.1557984],[101.7113615,3.1557905]]}},{"type":"Feature","properties":{"name":"","kind":"footway"},"geometry":{"type":"LineString","coordinates":[[101.7112219,3.1557984],[101.7112245,3.155843]]}},{"type":"Feature","properties":{"name":"","kind":"footway"},"geometry":{"type":"LineString","coordinates":[[101.7112219,3.1557984],[101.71122,3.1557599],[101.7112191,3.1557422]]}},{"type":"Feature","properties":{"name":"","kind":"service"},"geometry":{"type":"LineString","coordinates":[[101.7118288,3.1552006],[101.7118751,3.1551158]]}},{"type":"Feature","properties":{"name":"","kind":"service"},"geometry":{"type":"LineString","coordinates":[[101.7118288,3.1552006],[101.7119009,3.1552353]]}},{"type":"Feature","properties":{"name":"","kind":"service"},"geometry":{"type":"LineString","coordinates":[[101.7118288,3.1552006],[101.7116725,3.1551255],[101.7114865,3.1550408]]}},{"type":"Feature","properties":{"name":"","kind":"service"},"geometry":{"type":"LineString","coordinates":[[101.7106562,3.1544379],[101.7106757,3.1544172],[101.7106938,3.1544098],[101.7107116,3.1544144],[101.7110131,3.1546517]]}},{"type":"Feature","properties":{"name":"","kind":"footway"},"geometry":{"type":"LineString","coordinates":[[101.7121449,3.1551735],[101.7120774,3.1553314]]}},{"type":"Feature","properties":{"name":"","kind":"service"},"geometry":{"type":"LineString","coordinates":[[101.7121449,3.1551735],[101.7121196,3.1551681],[101.7120938,3.1551705]]}},{"type":"Feature","properties":{"name":"","kind":"service"},"geometry":{"type":"LineString","coordinates":[[101.7121449,3.1551735],[101.7121675,3.155186],[101.7121853,3.1552047],[101.7121969,3.1552278]]}},{"type":"Feature","properties":{"name":"","kind":["footway","steps"]},"geometry":{"type":"LineString","coordinates":[[101.7121449,3.1551735],[101.7121657,3.155134],[101.7121911,3.1550857],[101.7122077,3.1550542]]}},{"type":"Feature","properties":{"name":"","kind":"service"},"geometry":{"type":"LineString","coordinates":[[101.7120938,3.1551705],[101.7120693,3.15511]]}},{"type":"Feature","properties":{"name":"","kind":"service"},"geometry":{"type":"LineString","coordinates":[[101.7120938,3.1551705],[101.7120699,3.1551803],[101.71205,3.1551968]]}},{"type":"Feature","properties":{"name":"","kind":"service"},"geometry":{"type":"LineString","coordinates":[[101.7120938,3.1551705],[101.7121196,3.1551681],[101.7121449,3.1551735]]}},{"type":"Feature","properties":{"name":"","kind":"footway"},"geometry":{"type":"LineString","coordinates":[[101.7121969,3.1552278],[101.7122403,3.1551888],[101.7124357,3.1550133]]}},{"type":"Feature","properties":{"name":"","kind":"service"},"geometry":{"type":"LineString","coordinates":[[101.7121969,3.1552278],[101.7121853,3.1552047],[101.7121675,3.155186],[101.7121449,3.1551735]]}},{"type":"Feature","properties":{"name":"","kind":"service"},"geometry":{"type":"LineString","coordinates":[[101.7121969,3.1552278],[101.7122011,3.1552532],[101.7121976,3.1552788],[101.7121868,3.1553022],[101.7121677,3.1553228]]}},{"type":"Feature","properties":{"name":"","kind":"service"},"geometry":{"type":"LineString","coordinates":[[101.7121677,3.1553228],[101.7121515,3.1553316]]}},{"type":"Feature","properties":{"name":"","kind":"footway"},"geometry":{"type":"LineString","coordinates":[[101.7121677,3.1553228],[101.7124518,3.1554707]]}},{"type":"Feature","properties":{"name":"","kind":"service"},"geometry":{"type":"LineString","coordinates":[[101.7121677,3.1553228],[101.7121868,3.1553022],[101.7121976,3.1552788],[101.7122011,3.1552532],[101.7121969,3.1552278]]}},{"type":"Feature","properties":{"name":"","kind":"service"},"geometry":{"type":"LineString","coordinates":[[101.7121154,3.155341],[101.7121372,3.1553385],[101.712143,3.1553362],[101.7121515,3.1553316]]}},{"type":"Feature","properties":{"name":"","kind":"service"},"geometry":{"type":"LineString","coordinates":[[101.7121154,3.155341],[101.7120876,3.1553367],[101.7120774,3.1553314]]}},{"type":"Feature","properties":{"name":"","kind":"service"},"geometry":{"type":"LineString","coordinates":[[101.7121154,3.155341],[101.7121026,3.155364],[101.7120929,3.1553813],[101.7120638,3.1553699]]}},{"type":"Feature","properties":{"name":"","kind":"service"},"geometry":{"type":"LineString","coordinates":[[101.7120432,3.1553037],[101.7119009,3.1552353]]}},{"type":"Feature","properties":{"name":"","kind":"service"},"geometry":{"type":"LineString","coordinates":[[101.7120432,3.1553037],[101.7120627,3.1553238],[101.7120774,3.1553314]]}},{"type":"Feature","properties":{"name":"","kind":"service"},"geometry":{"type":"LineString","coordinates":[[101.7120432,3.1553037],[101.712031,3.1552776],[101.712028,3.1552491],[101.7120346,3.1552211],[101.71205,3.1551968]]}},{"type":"Feature","properties":{"name":"Jalan Pinang","kind":"tertiary"},"geometry":{"type":"LineString","coordinates":[[101.710994,3.1547991],[101.7110416,3.1547301]]}},{"type":"Feature","properties":{"name":"Jalan Pinang","kind":"tertiary"},"geometry":{"type":"LineString","coordinates":[[101.710994,3.1547991],[101.7108795,3.1549751]]}},{"type":"Feature","properties":{"name":"","kind":"service"},"geometry":{"type":"LineString","coordinates":[[101.710994,3.1547991],[101.7110865,3.1548445]]}},{"type":"Feature","properties":{"name":"","kind":"service"},"geometry":{"type":"LineString","coordinates":[[101.7114133,3.1550042],[101.7110865,3.1548445]]}},{"type":"Feature","properties":{"name":"","kind":"service"},"geometry":{"type":"LineString","coordinates":[[101.7114133,3.1550042],[101.7114412,3.1550182]]}},{"type":"Feature","properties":{"name":"","kind":"service"},"geometry":{"type":"LineString","coordinates":[[101.7114133,3.1550042],[101.7113813,3.1550752],[101.7113779,3.155133]]}},{"type":"Feature","properties":{"name":"","kind":"service"},"geometry":{"type":"LineString","coordinates":[[101.7117785,3.1551176],[101.7115088,3.1549906]]}},{"type":"Feature","properties":{"name":"","kind":"service"},"geometry":{"type":"LineString","coordinates":[[101.7115088,3.1549906],[101.7117785,3.1551176]]}},{"type":"Feature","properties":{"name":"","kind":"service"},"geometry":{"type":"LineString","coordinates":[[101.7115088,3.1549906],[101.7115251,3.1549539]]}},{"type":"Feature","properties":{"name":"","kind":"service"},"geometry":{"type":"LineString","coordinates":[[101.7115088,3.1549906],[101.7114865,3.1550408]]}},{"type":"Feature","properties":{"name":"","kind":"service"},"geometry":{"type":"LineString","coordinates":[[101.7114865,3.1550408],[101.7115088,3.1549906]]}},{"type":"Feature","properties":{"name":"","kind":"service"},"geometry":{"type":"LineString","coordinates":[[101.7114865,3.1550408],[101.7114412,3.1550182]]}},{"type":"Feature","properties":{"name":"","kind":"service"},"geometry":{"type":"LineString","coordinates":[[101.7114865,3.1550408],[101.7116725,3.1551255],[101.7118288,3.1552006]]}},{"type":"Feature","properties":{"name":"","kind":"service"},"geometry":{"type":"LineString","coordinates":[[101.7115251,3.1549539],[101.7118751,3.1551158]]}},{"type":"Feature","properties":{"name":"","kind":"service"},"geometry":{"type":"LineString","coordinates":[[101.7115251,3.1549539],[101.7115088,3.1549906]]}},{"type":"Feature","properties":{"name":"","kind":"service"},"geometry":{"type":"LineString","coordinates":[[101.7115251,3.1549539],[101.7111445,3.1547777]]}},{"type":"Feature","properties":{"name":"","kind":"service"},"geometry":{"type":"LineString","coordinates":[[101.7113381,3.1553217],[101.7113428,3.1554483]]}},{"type":"Feature","properties":{"name":"","kind":"service"},"geometry":{"type":"LineString","coordinates":[[101.7113381,3.1553217],[101.7112137,3.1553254]]}},{"type":"Feature","properties":{"name":"","kind":"service"},"geometry":{"type":"LineString","coordinates":[[101.7113381,3.1553217],[101.7113501,3.1552346],[101.7113607,3.1551931],[101.7113779,3.155133]]}},{"type":"Feature","properties":{"name":"","kind":"service"},"geometry":{"type":"LineString","coordinates":[[101.7111308,3.1558036],[101.7111044,3.1558051]]}},{"type":"Feature","properties":{"name":"","kind":"service"},"geometry":{"type":"LineString","coordinates":[[101.7111308,3.1558036],[101.7112219,3.1557984]]}},{"type":"Feature","properties":{"name":"","kind":"service"},"geometry":{"type":"LineString","coordinates":[[101.7111308,3.1558036],[101.7111287,3.1557502]]}},{"type":"Feature","properties":{"name":"","kind":"service"},"geometry":{"type":"LineString","coordinates":[[101.7111044,3.1558051],[101.7111308,3.1558036]]}},{"type":"Feature","properties":{"name":"","kind":"service"},"geometry":{"type":"LineString","coordinates":[[101.7111044,3.1558051],[101.7110344,3.1558734]]}},{"type":"Feature","properties":{"name":"","kind":"service"},"geometry":{"type":"LineString","coordinates":[[101.7111044,3.1558051],[101.7110996,3.1557487]]}},{"type":"Feature","properties":{"name":"","kind":"service"},"geometry":{"type":"LineString","coordinates":[[101.7111044,3.1558051],[101.7110531,3.1557897],[101.7109685,3.1557374]]}},{"type":"Feature","properties":{"name":"","kind":"service"},"geometry":{"type":"LineString","coordinates":[[101.7113535,3.1557012],[101.7112308,3.1557074]]}},{"type":"Feature","properties":{"name":"","kind":"service"},"geometry":{"type":"LineString","coordinates":[[101.7113535,3.1557012],[101.7113428,3.1554483]]}},{"type":"Feature","properties":{"name":"","kind":"service"},"geometry":{"type":"LineString","coordinates":[[101.7113535,3.1557012],[101.7114204,3.1557026],[101.71145,3.1556854],[101.7114754,3.1556624],[101.7116296,3.1552969],[101.7116308,3.1552667],[101.7116109,3.155254],[101.7115197,3.1552098],[101.7114921,3.1552062],[101.7114687,3.1552192],[101.7114286,3.1553138],[101.7114231,3.1553391],[101.7114311,3.1554094],[101.7114271,3.1554268],[101.7114109,3.1554425],[101.7113428,3.1554483]]}},{"type":"Feature","properties":{"name":"","kind":"service"},"geometry":{"type":"LineString","coordinates":[[101.7112137,3.1553254],[101.7112308,3.1557074]]}},{"type":"Feature","properties":{"name":"","kind":"service"},"geometry":{"type":"LineString","coordinates":[[101.7112137,3.1553254],[101.7113381,3.1553217]]}},{"type":"Feature","properties":{"name":"","kind":"service"},"geometry":{"type":"LineString","coordinates":[[101.7112137,3.1553254],[101.7112072,3.1551844],[101.7111985,3.1550692],[101.7111852,3.1550558],[101.7111599,3.1550489],[101.7110979,3.1550512],[101.7110827,3.1550553],[101.7110626,3.1550891],[101.711057,3.1551107],[101.711057,3.1551482],[101.7110982,3.155732],[101.7110996,3.1557487]]}},{"type":"Feature","properties":{"name":"","kind":"service"},"geometry":{"type":"LineString","coordinates":[[101.7113428,3.1554483],[101.7113381,3.1553217]]}},{"type":"Feature","properties":{"name":"","kind":"service"},"geometry":{"type":"LineString","coordinates":[[101.7113428,3.1554483],[101.7113535,3.1557012]]}},{"type":"Feature","properties":{"name":"","kind":"service"},"geometry":{"type":"LineString","coordinates":[[101.7113428,3.1554483],[101.7114109,3.1554425],[101.7114271,3.1554268],[101.7114311,3.1554094],[101.7114231,3.1553391],[101.7114286,3.1553138],[101.7114687,3.1552192],[101.7114921,3.1552062],[101.7115197,3.1552098],[101.7116109,3.155254],[101.7116308,3.1552667],[101.7116296,3.1552969],[101.7114754,3.1556624],[101.71145,3.1556854],[101.7114204,3.1557026],[101.7113535,3.1557012]]}},{"type":"Feature","properties":{"name":"","kind":"footway"},"geometry":{"type":"LineString","coordinates":[[101.713348,3.154132],[101.7151113,3.1544237]]}},{"type":"Feature","properties":{"name":"","kind":"footway"},"geometry":{"type":"LineString","coordinates":[[101.713348,3.154132],[101.7133235,3.1541305],[101.7132893,3.1541372]]}},{"type":"Feature","properties":{"name":"","kind":"footway"},"geometry":{"type":"LineString","coordinates":[[101.713348,3.154132],[101.7133711,3.1541443],[101.7133919,3.1541714],[101.7133982,3.1541989],[101.7133987,3.1542275],[101.7133854,3.1542542],[101.7133645,3.1542754],[101.7133379,3.154289]]}},{"type":"Feature","properties":{"name":"","kind":"footway"},"geometry":{"type":"LineString","coordinates":[[101.7133379,3.154289],[101.7134956,3.1544391]]}},{"type":"Feature","properties":{"name":"","kind":"footway"},"geometry":{"type":"LineString","coordinates":[[101.7133379,3.154289],[101.7133645,3.1542754],[101.7133854,3.1542542],[101.7133987,3.1542275],[101.7133982,3.1541989],[101.7133919,3.1541714],[101.7133711,3.1541443],[101.713348,3.154132]]}},{"type":"Feature","properties":{"name":"","kind":"footway"},"geometry":{"type":"LineString","coordinates":[[101.7133379,3.154289],[101.7133084,3.1542936],[101.713279,3.1542888],[101.7132544,3.1542735],[101.7132367,3.1542487],[101.7132292,3.154216],[101.7132353,3.1541876]]}},{"type":"Feature","properties":{"name":"","kind":"footway"},"geometry":{"type":"LineString","coordinates":[[101.7132893,3.1541372],[101.7132555,3.1540678]]}},{"type":"Feature","properties":{"name":"","kind":"footway"},"geometry":{"type":"LineString","coordinates":[[101.7132893,3.1541372],[101.7132738,3.1541463],[101.7132516,3.1541664],[101.7132353,3.1541876]]}},{"type":"Feature","properties":{"name":"","kind":"footway"},"geometry":{"type":"LineString","coordinates":[[101.7132893,3.1541372],[101.7133235,3.1541305],[101.713348,3.154132]]}},{"type":"Feature","properties":{"name":"","kind":"footway"},"geometry":{"type":"LineString","coordinates":[[101.7132353,3.1541876],[101.7125592,3.1548835]]}},{"type":"Feature","properties":{"name":"","kind":"footway"},"geometry":{"type":"LineString","coordinates":[[101.7132353,3.1541876],[101.7132292,3.154216],[101.7132367,3.1542487],[101.7132544,3.1542735],[101.713279,3.1542888],[101.7133084,3.1542936],[101.7133379,3.154289]]}},{"type":"Feature","properties":{"name":"","kind":"footway"},"geometry":{"type":"LineString","coordinates":[[101.7132353,3.1541876],[101.7132516,3.1541664],[101.7132738,3.1541463],[101.7132893,3.1541372]]}},{"type":"Feature","properties":{"name":"","kind":"footway"},"geometry":{"type":"LineString","coordinates":[[101.7134956,3.1544391],[101.7134282,3.1544995]]}},{"type":"Feature","properties":{"name":"","kind":"footway"},"geometry":{"type":"LineString","coordinates":[[101.7134956,3.1544391],[101.7133379,3.154289]]}},{"type":"Feature","properties":{"name":"","kind":"footway"},"geometry":{"type":"LineString","coordinates":[[101.7134956,3.1544391],[101.7135955,3.1544188],[101.7136853,3.1544321],[101.7137659,3.1544671],[101.7138679,3.1545291],[101.7141179,3.1547227],[101.7142205,3.1547888],[101.714252,3.1547962],[101.7142974,3.1548045]]}},{"type":"Feature","properties":{"name":"","kind":"footway"},"geometry":{"type":"LineString","coordinates":[[101.7132555,3.1540678],[101.7132893,3.1541372]]}},{"type":"Feature","properties":{"name":"","kind":"steps"},"geometry":{"type":"LineString","coordinates":[[101.7132555,3.1540678],[101.7132241,3.1540631],[101.7132127,3.1540335],[101.7132328,3.1540089]]}},{"type":"Feature","properties":{"name":"","kind":"steps"},"geometry":{"type":"LineString","coordinates":[[101.7132555,3.1540678],[101.7132751,3.1540433],[101.7132638,3.154014],[101.7132328,3.1540089]]}},{"type":"Feature","properties":{"name":"","kind":"footway"},"geometry":{"type":"LineString","coordinates":[[101.7118173,3.1532257],[101.7117845,3.1532148]]}},{"type":"Feature","properties":{"name":"","kind":"footway"},"geometry":{"type":"LineString","coordinates":[[101.7118173,3.1532257],[101.7119435,3.1531648],[101.7120497,3.1531252]]}},{"type":"Feature","properties":{"name":"","kind":["footway","steps"]},"geometry":{"type":"LineString","coordinates":[[101.7118173,3.1532257],[101.7118309,3.1532413],[101.7119214,3.1531995]]}},{"type":"Feature","properties":{"name":"","kind":"footway"},"geometry":{"type":"LineString","coordinates":[[101.7117845,3.1532148],[101.7118173,3.1532257]]}},{"type":"Feature","properties":{"name":"","kind":"footway"},"geometry":{"type":"LineString","coordinates":[[101.7119568,3.1521872],[101.7118,3.1521015]]}},{"type":"Feature","properties":{"name":"","kind":"footway"},"geometry":{"type":"LineString","coordinates":[[101.7152386,3.1560493],[101.7152685,3.1560618]]}},{"type":"Feature","properties":{"name":"","kind":"footway"},"geometry":{"type":"LineString","coordinates":[[101.7135767,3.1547841],[101.7136632,3.154763],[101.713777,3.1548078],[101.7139087,3.1548699],[101.7140231,3.1548998],[101.7141348,3.1549045],[101.7142664,3.1549708]]}},{"type":"Feature","properties":{"name":"","kind":"footway"},"geometry":{"type":"LineString","coordinates":[[101.7135767,3.1547841],[101.7135107,3.1548362],[101.7135161,3.1549213],[101.7134811,3.1549654],[101.7134325,3.1550033]]}},{"type":"Feature","properties":{"name":"","kind":"path"},"geometry":{"type":"LineString","coordinates":[[101.7135767,3.1547841],[101.713449,3.154542],[101.7134282,3.1544995]]}},{"type":"Feature","properties":{"name":"","kind":"footway"},"geometry":{"type":"LineString","coordinates":[[101.7124713,3.1561416],[101.712471,3.1562504]]}},{"type":"Feature","properties":{"name":"","kind":"footway"},"geometry":{"type":"LineString","coordinates":[[101.7124713,3.1561416],[101.7125465,3.1561372]]}},{"type":"Feature","properties":{"name":"","kind":"footway"},"geometry":{"type":"LineString","coordinates":[[101.7124713,3.1561416],[101.712468,3.1560044],[101.7124781,3.1558505],[101.7124782,3.1558242],[101.7124518,3.1554707]]}},{"type":"Feature","properties":{"name":"","kind":"footway"},"geometry":{"type":"LineString","coordinates":[[101.7151827,3.1554355],[101.7152014,3.1554152],[101.7152363,3.1554068],[101.715286,3.1554132],[101.7153472,3.1554173],[101.7153904,3.1554107],[101.7154432,3.1553875],[101.7154599,3.1553661],[101.7154502,3.1553372],[101.7154063,3.1553207],[101.7153504,3.1553198],[101.7153133,3.1553035],[101.7152833,3.1552772],[101.71523,3.1552306]]}},{"type":"Feature","properties":{"name":"Persiaran Petronas","kind":"service"},"geometry":{"type":"LineString","coordinates":[[101.7133651,3.1579281],[101.7133763,3.15768]]}},{"type":"Feature","properties":{"name":"","kind":"service"},"geometry":{"type":"LineString","coordinates":[[101.7133651,3.1579281],[101.7134165,3.1578594],[101.7135211,3.1573559]]}},{"type":"Feature","properties":{"name":"Persiaran Petronas","kind":"service"},"geometry":{"type":"LineString","coordinates":[[101.7133651,3.1579281],[101.7132883,3.1582373],[101.7132734,3.1583088]]}},{"type":"Feature","properties":{"name":"","kind":"service"},"geometry":{"type":"LineString","coordinates":[[101.7135211,3.1573559],[101.7134165,3.1578594],[101.7133651,3.1579281]]}},{"type":"Feature","properties":{"name":"Persiaran Petronas","kind":"service"},"geometry":{"type":"LineString","coordinates":[[101.7134877,3.1579476],[101.7134787,3.1579908]]}},{"type":"Feature","properties":{"name":"","kind":"service"},"geometry":{"type":"LineString","coordinates":[[101.7134877,3.1579476],[101.7134621,3.1578434],[101.7135568,3.1573663]]}},{"type":"Feature","properties":{"name":"Persiaran Petronas","kind":"service"},"geometry":{"type":"LineString","coordinates":[[101.7134877,3.1579476],[101.7134924,3.1579253],[101.71357,3.1575974]]}},{"type":"Feature","properties":{"name":"","kind":"service"},"geometry":{"type":"LineString","coordinates":[[101.7135568,3.1573663],[101.7134621,3.1578434],[101.7134877,3.1579476]]}},{"type":"Feature","properties":{"name":"","kind":"service"},"geometry":{"type":"LineString","coordinates":[[101.7166113,3.1584357],[101.7168999,3.157746]]}},{"type":"Feature","properties":{"name":"","kind":"service"},"geometry":{"type":"LineString","coordinates":[[101.7178617,3.1535079],[101.7178953,3.1535842],[101.717953,3.1536392],[101.7181192,3.15364],[101.7181931,3.1536406]]}},{"type":"Feature","properties":{"name":"Jalan Stonor","kind":"residential"},"geometry":{"type":"LineString","coordinates":[[101.7181931,3.1536406],[101.7181519,3.152866]]}},{"type":"Feature","properties":{"name":"Jalan Stonor","kind":"residential"},"geometry":{"type":"LineString","coordinates":[[101.7181931,3.1536406],[101.7182056,3.1538877]]}},{"type":"Feature","properties":{"name":"","kind":"service"},"geometry":{"type":"LineString","coordinates":[[101.7181931,3.1536406],[101.7181192,3.15364],[101.717953,3.1536392],[101.7178953,3.1535842],[101.7178617,3.1535079]]}},{"type":"Feature","properties":{"name":"","kind":"service"},"geometry":{"type":"LineString","coordinates":[[101.7164657,3.1545463],[101.716577,3.1545671]]}},{"type":"Feature","properties":{"name":"","kind":"service"},"geometry":{"type":"LineString","coordinates":[[101.7164657,3.1545463],[101.7162688,3.1545096]]}},{"type":"Feature","properties":{"name":"","kind":"service"},"geometry":{"type":"LineString","coordinates":[[101.7164657,3.1545463],[101.7165542,3.1541064],[101.7163691,3.1540569],[101.7162688,3.1545096]]}},{"type":"Feature","properties":{"name":"","kind":"service"},"geometry":{"type":"LineString","coordinates":[[101.7171298,3.1542481],[101.7169693,3.1542167]]}},{"type":"Feature","properties":{"name":"","kind":"service"},"geometry":{"type":"LineString","coordinates":[[101.7171298,3.1542481],[101.7170515,3.1546606]]}},{"type":"Feature","properties":{"name":"","kind":"service"},"geometry":{"type":"LineString","coordinates":[[101.7171298,3.1542481],[101.7172475,3.1542712],[101.7172945,3.1543194],[101.7171952,3.1546662],[101.7171684,3.1546836],[101.7170515,3.1546606]]}},{"type":"Feature","properties":{"name":"","kind":"service"},"geometry":{"type":"LineString","coordinates":[[101.7170515,3.1546606],[101.7168902,3.1546288]]}},{"type":"Feature","properties":{"name":"","kind":"service"},"geometry":{"type":"LineString","coordinates":[[101.7170515,3.1546606],[101.7171298,3.1542481]]}},{"type":"Feature","properties":{"name":"","kind":"service"},"geometry":{"type":"LineString","coordinates":[[101.7170515,3.1546606],[101.7171684,3.1546836],[101.7171952,3.1546662],[101.7172945,3.1543194],[101.7172475,3.1542712],[101.7171298,3.1542481]]}},{"type":"Feature","properties":{"name":"","kind":"service"},"geometry":{"type":"LineString","coordinates":[[101.7167933,3.1541822],[101.7166539,3.1541549]]}},{"type":"Feature","properties":{"name":"","kind":"service"},"geometry":{"type":"LineString","coordinates":[[101.7167933,3.1541822],[101.7169693,3.1542167]]}},{"type":"Feature","properties":{"name":"","kind":"service"},"geometry":{"type":"LineString","coordinates":[[101.7167933,3.1541822],[101.7167147,3.1545942]]}},{"type":"Feature","properties":{"name":"","kind":"service"},"geometry":{"type":"LineString","coordinates":[[101.7167147,3.1545942],[101.7168902,3.1546288]]}},{"type":"Feature","properties":{"name":"","kind":"service"},"geometry":{"type":"LineString","coordinates":[[101.7167147,3.1545942],[101.716577,3.1545671]]}},{"type":"Feature","properties":{"name":"","kind":"service"},"geometry":{"type":"LineString","coordinates":[[101.7167147,3.1545942],[101.7167933,3.1541822]]}},{"type":"Feature","properties":{"name":"","kind":"service"},"geometry":{"type":"LineString","coordinates":[[101.7169693,3.1542167],[101.7167933,3.1541822]]}},{"type":"Feature","properties":{"name":"","kind":"service"},"geometry":{"type":"LineString","coordinates":[[101.7169693,3.1542167],[101.7171298,3.1542481]]}},{"type":"Feature","properties":{"name":"","kind":"service"},"geometry":{"type":"LineString","coordinates":[[101.7169693,3.1542167],[101.7168902,3.1546288]]}},{"type":"Feature","properties":{"name":"","kind":"service"},"geometry":{"type":"LineString","coordinates":[[101.7168902,3.1546288],[101.7170515,3.1546606]]}},{"type":"Feature","properties":{"name":"","kind":"service"},"geometry":{"type":"LineString","coordinates":[[101.7168902,3.1546288],[101.7167147,3.1545942]]}},{"type":"Feature","properties":{"name":"","kind":"service"},"geometry":{"type":"LineString","coordinates":[[101.7168902,3.1546288],[101.7169693,3.1542167]]}},{"type":"Feature","properties":{"name":"","kind":"service"},"geometry":{"type":"LineString","coordinates":[[101.7159981,3.1544591],[101.7162688,3.1545096]]}},{"type":"Feature","properties":{"name":"","kind":"service"},"geometry":{"type":"LineString","coordinates":[[101.7159981,3.1544591],[101.7160888,3.154002],[101.7159104,3.1539779],[101.7158233,3.1544265],[101.7159981,3.1544591]]}},{"type":"Feature","properties":{"name":"","kind":"service"},"geometry":{"type":"LineString","coordinates":[[101.7159981,3.1544591],[101.7158233,3.1544265],[101.7159104,3.1539779],[101.7160888,3.154002],[101.7159981,3.1544591]]}},{"type":"Feature","properties":{"name":"","kind":"service"},"geometry":{"type":"LineString","coordinates":[[101.7162688,3.1545096],[101.7164657,3.1545463]]}},{"type":"Feature","properties":{"name":"","kind":"service"},"geometry":{"type":"LineString","coordinates":[[101.7162688,3.1545096],[101.7163691,3.1540569],[101.7165542,3.1541064],[101.7164657,3.1545463]]}},{"type":"Feature","properties":{"name":"","kind":"service"},"geometry":{"type":"LineString","coordinates":[[101.7162688,3.1545096],[101.7159981,3.1544591]]}},{"type":"Feature","properties":{"name":"","kind":"service"},"geometry":{"type":"LineString","coordinates":[[101.7166539,3.1541549],[101.7167933,3.1541822]]}},{"type":"Feature","properties":{"name":"","kind":"service"},"geometry":{"type":"LineString","coordinates":[[101.7166539,3.1541549],[101.716577,3.1545671]]}},{"type":"Feature","properties":{"name":"","kind":"service"},"geometry":{"type":"LineString","coordinates":[[101.7166539,3.1541549],[101.7166859,3.1539835]]}},{"type":"Feature","properties":{"name":"","kind":"service"},"geometry":{"type":"LineString","coordinates":[[101.716577,3.1545671],[101.7167147,3.1545942]]}},{"type":"Feature","properties":{"name":"","kind":"service"},"geometry":{"type":"LineString","coordinates":[[101.716577,3.1545671],[101.7164657,3.1545463]]}},{"type":"Feature","properties":{"name":"","kind":"service"},"geometry":{"type":"LineString","coordinates":[[101.716577,3.1545671],[101.7166539,3.1541549]]}},{"type":"Feature","properties":{"name":"","kind":"service"},"geometry":{"type":"LineString","coordinates":[[101.7166859,3.1539835],[101.7166539,3.1541549]]}},{"type":"Feature","properties":{"name":"","kind":"residential"},"geometry":{"type":"LineString","coordinates":[[101.7166859,3.1539835],[101.7167009,3.1539231]]}},{"type":"Feature","properties":{"name":"Persiaran KLCC","kind":"residential"},"geometry":{"type":"LineString","coordinates":[[101.7166859,3.1539835],[101.715822,3.1537395],[101.7157663,3.1537325],[101.7152435,3.1536666]]}},{"type":"Feature","properties":{"name":"Persiaran KLCC","kind":"residential"},"geometry":{"type":"LineString","coordinates":[[101.7166859,3.1539835],[101.7173365,3.1541673],[101.7173683,3.1541763],[101.7176853,3.1542718]]}},{"type":"Feature","properties":{"name":"","kind":"residential"},"geometry":{"type":"LineString","coordinates":[[101.7167009,3.1539231],[101.7166859,3.1539835]]}},{"type":"Feature","properties":{"name":"Persiaran KLCC","kind":"residential"},"geometry":{"type":"LineString","coordinates":[[101.7167009,3.1539231],[101.715825,3.1536757],[101.7152131,3.1535846]]}},{"type":"Feature","properties":{"name":"Persiaran KLCC","kind":"residential"},"geometry":{"type":"LineString","coordinates":[[101.7167009,3.1539231],[101.7173745,3.1541134],[101.71819,3.154339]]}},{"type":"Feature","properties":{"name":"Persiaran KLCC","kind":"residential"},"geometry":{"type":"LineString","coordinates":[[101.7152131,3.1535846],[101.7151781,3.1530153]]}},{"type":"Feature","properties":{"name":"Persiaran KLCC","kind":"residential"},"geometry":{"type":"LineString","coordinates":[[101.7152131,3.1535846],[101.7152435,3.1536666]]}},{"type":"Feature","properties":{"name":"Persiaran KLCC","kind":"residential"},"geometry":{"type":"LineString","coordinates":[[101.7152131,3.1535846],[101.7151817,3.153659]]}},{"type":"Feature","properties":{"name":"Persiaran KLCC","kind":"residential"},"geometry":{"type":"LineString","coordinates":[[101.7152131,3.1535846],[101.715825,3.1536757],[101.7167009,3.1539231]]}},{"type":"Feature","properties":{"name":"","kind":"service"},"geometry":{"type":"LineString","coordinates":[[101.7175412,3.1529642],[101.7179382,3.1527848],[101.718028,3.1527329]]}},{"type":"Feature","properties":{"name":"Jalan Stonor","kind":"residential"},"geometry":{"type":"LineString","coordinates":[[101.718073,3.1527068],[101.7181519,3.152866]]}},{"type":"Feature","properties":{"name":"Jalan Stonor","kind":"residential"},"geometry":{"type":"LineString","coordinates":[[101.718073,3.1527068],[101.7179497,3.152458]]}},{"type":"Feature","properties":{"name":"","kind":"service"},"geometry":{"type":"LineString","coordinates":[[101.718073,3.1527068],[101.718028,3.1527329]]}},{"type":"Feature","properties":{"name":"Persiaran Stonor","kind":"residential"},"geometry":{"type":"LineString","coordinates":[[101.7191091,3.1528339],[101.7181826,3.152865]]}},{"type":"Feature","properties":{"name":"Jalan Kia Peng","kind":"tertiary"},"geometry":{"type":"LineString","coordinates":[[101.7141473,3.1529059],[101.7139909,3.1528586]]}},{"type":"Feature","properties":{"name":"Jalan Kia Peng","kind":"tertiary"},"geometry":{"type":"LineString","coordinates":[[101.7141473,3.1529059],[101.7142866,3.1529218],[101.7143033,3.1529237],[101.7143363,3.1529267],[101.7143509,3.1529279],[101.7143882,3.1529291],[101.7146238,3.1529366],[101.7147083,3.1529371]]}},{"type":"Feature","properties":{"name":"Jalan Pinang","kind":"tertiary"},"geometry":{"type":"LineString","coordinates":[[101.7141473,3.1529059],[101.7140463,3.1529173],[101.7139483,3.1529043],[101.7137244,3.1528089],[101.7136252,3.1528102],[101.7134164,3.1528246]]}},{"type":"Feature","properties":{"name":"","kind":"service"},"geometry":{"type":"LineString","coordinates":[[101.7172819,3.1510873],[101.7172357,3.1511099]]}},{"type":"Feature","properties":{"name":"Jalan Stonor","kind":"residential"},"geometry":{"type":"LineString","coordinates":[[101.7172819,3.1510873],[101.7173182,3.1512085],[101.7173634,3.1513097],[101.7173981,3.1513713],[101.7177611,3.152074],[101.7177995,3.1521472]]}},{"type":"Feature","properties":{"name":"","kind":"service"},"geometry":{"type":"LineString","coordinates":[[101.708051,3.1558254],[101.7080415,3.1559567]]}},{"type":"Feature","properties":{"name":"","kind":"service"},"geometry":{"type":"LineString","coordinates":[[101.708051,3.1558254],[101.7078578,3.1559399],[101.7078454,3.1559472]]}},{"type":"Feature","properties":{"name":"","kind":"footway"},"geometry":{"type":"LineString","coordinates":[[101.708051,3.1558254],[101.7080657,3.1558058],[101.7081737,3.1557371],[101.7083031,3.1556751],[101.7085244,3.155534],[101.7084147,3.1554199]]}},{"type":"Feature","properties":{"name":"","kind":"service"},"geometry":{"type":"LineString","coordinates":[[101.7080415,3.1559567],[101.708051,3.1558254]]}},{"type":"Feature","properties":{"name":"","kind":"service"},"geometry":{"type":"LineString","coordinates":[[101.7080415,3.1559567],[101.7078954,3.1560386],[101.7078762,3.1560354],[101.7078666,3.1560268],[101.7078453,3.1559664],[101.7078454,3.1559472]]}},{"type":"Feature","properties":{"name":"","kind":"service"},"geometry":{"type":"LineString","coordinates":[[101.7080415,3.1559567],[101.7080711,3.1560921],[101.7080816,3.15614]]}},{"type":"Feature","properties":{"name":"Jalan Sultan Ismail","kind":"secondary"},"geometry":{"type":"LineString","coordinates":[[101.7098146,3.1523234],[101.7097299,3.1524183]]}},{"type":"Feature","properties":{"name":"","kind":"service"},"geometry":{"type":"LineString","coordinates":[[101.7098146,3.1523234],[101.7099326,3.1523323]]}},{"type":"Feature","properties":{"name":"Jalan Sultan Ismail","kind":"secondary"},"geometry":{"type":"LineString","coordinates":[[101.7098146,3.1523234],[101.7099369,3.1521495],[101.7099975,3.1520563],[101.7100581,3.1519549]]}},{"type":"Feature","properties":{"name":"","kind":"service"},"geometry":{"type":"LineString","coordinates":[[101.7100581,3.1519549],[101.7101046,3.1519951]]}},{"type":"Feature","properties":{"name":"Jalan Sultan Ismail","kind":"secondary"},"geometry":{"type":"LineString","coordinates":[[101.7100581,3.1519549],[101.7099975,3.1520563],[101.7099369,3.1521495],[101.7098146,3.1523234]]}},{"type":"Feature","properties":{"name":"","kind":"service"},"geometry":{"type":"LineString","coordinates":[[101.7082082,3.1537234],[101.708142,3.1536771]]}},{"type":"Feature","properties":{"name":"","kind":"service"},"geometry":{"type":"LineString","coordinates":[[101.7082082,3.1537234],[101.7081619,3.1537871],[101.7081512,3.1538139],[101.7081538,3.153854],[101.7082343,3.1539505]]}},{"type":"Feature","properties":{"name":"","kind":"service"},"geometry":{"type":"LineString","coordinates":[[101.7082082,3.1537234],[101.7082896,3.1536417],[101.7085309,3.1534756],[101.7086295,3.1534322],[101.7086754,3.1533866],[101.7086685,3.153328]]}},{"type":"Feature","properties":{"name":"Jalan P. Ramlee","kind":"tertiary"},"geometry":{"type":"LineString","coordinates":[[101.708223,3.1546657],[101.7081679,3.1546035]]}},{"type":"Feature","properties":{"name":"","kind":"footway"},"geometry":{"type":"LineString","coordinates":[[101.708223,3.1546657],[101.7082047,3.1546809]]}},{"type":"Feature","properties":{"name":"Jalan P. Ramlee","kind":"tertiary"},"geometry":{"type":"LineString","coordinates":[[101.708223,3.1546657],[101.7082681,3.1547166],[101.7083379,3.1547953]]}},{"type":"Feature","properties":{"name":"","kind":"footway"},"geometry":{"type":"LineString","coordinates":[[101.708223,3.1546657],[101.708268,3.1546277],[101.7082872,3.1545886],[101.7082881,3.1545703]]}},{"type":"Feature","properties":{"name":"","kind":"service"},"geometry":{"type":"LineString","coordinates":[[101.7097253,3.1519361],[101.7096716,3.1520429],[101.7096086,3.1521608],[101.7096781,3.1523215]]}},{"type":"Feature","properties":{"name":"Jalan Sultan Ismail","kind":"secondary"},"geometry":{"type":"LineString","coordinates":[[101.7099592,3.1518569],[101.7099041,3.1519697],[101.7098427,3.1520639],[101.7097674,3.152177],[101.7096781,3.1523215]]}},{"type":"Feature","properties":{"name":"","kind":"service"},"geometry":{"type":"LineString","coordinates":[[101.7127148,3.1535415],[101.7126389,3.1534396]]}},{"type":"Feature","properties":{"name":"","kind":"service"},"geometry":{"type":"LineString","coordinates":[[101.7127148,3.1535415],[101.7127307,3.1535745],[101.7127025,3.1536056],[101.7126643,3.153654],[101.7126469,3.1536967],[101.7126415,3.1537529],[101.7126339,3.1537809],[101.7122103,3.1542403],[101.7120175,3.1544494],[101.7119265,3.1544437],[101.7117791,3.1543779],[101.7115866,3.1541691]]}},{"type":"Feature","properties":{"name":"KLCC-Bukit Bintang Pedestrian Walkway","kind":"footway"},"geometry":{"type":"LineString","coordinates":[[101.7127148,3.1535415],[101.7126945,3.1535597],[101.7123285,3.1531104],[101.7120497,3.1531252]]}},{"type":"Feature","properties":{"name":"KLCC-Bukit Bintang Pedestrian Walkway","kind":["footway","steps"]},"geometry":{"type":"LineString","coordinates":[[101.7127148,3.1535415],[101.7127388,3.1535123],[101.712809,3.1534459],[101.7129743,3.1532961]]}},{"type":"Feature","properties":{"name":"","kind":"service"},"geometry":{"type":"LineString","coordinates":[[101.7183389,3.1540522],[101.7183158,3.1539466],[101.7182056,3.1538877]]}},{"type":"Feature","properties":{"name":"Jalan Pinang","kind":"tertiary"},"geometry":{"type":"LineString","coordinates":[[101.7134164,3.1528246],[101.7130874,3.1528424]]}},{"type":"Feature","properties":{"name":"","kind":"tertiary_link"},"geometry":{"type":"LineString","coordinates":[[101.7134164,3.1528246],[101.7134656,3.1528082],[101.7134955,3.1527897],[101.713528,3.1527567],[101.713542,3.1527315],[101.7135414,3.1526917],[101.7135312,3.1526481],[101.7134693,3.1524376]]}},{"type":"Feature","properties":{"name":"Jalan Pinang","kind":"tertiary"},"geometry":{"type":"LineString","coordinates":[[101.7134164,3.1528246],[101.7136252,3.1528102],[101.7137244,3.1528089],[101.7139483,3.1529043],[101.7140463,3.1529173],[101.7141473,3.1529059]]}},{"type":"Feature","properties":{"name":"Jalan Kia Peng","kind":"tertiary"},"geometry":{"type":"LineString","coordinates":[[101.7134693,3.1524376],[101.7133885,3.1522853]]}},{"type":"Feature","properties":{"name":"","kind":"tertiary_link"},"geometry":{"type":"LineString","coordinates":[[101.7134693,3.1524376],[101.7135312,3.1526481],[101.7135414,3.1526917],[101.713542,3.1527315],[101.713528,3.1527567],[101.7134955,3.1527897],[101.7134656,3.1528082],[101.7134164,3.1528246]]}},{"type":"Feature","properties":{"name":"Jalan Kia Peng","kind":"tertiary"},"geometry":{"type":"LineString","coordinates":[[101.7134693,3.1524376],[101.713577,3.1525997],[101.7136123,3.1526332],[101.7136367,3.1526556],[101.7136834,3.1526888],[101.7137357,3.1527169],[101.7137721,3.1527408],[101.7138381,3.1527714]]}},{"type":"Feature","properties":{"name":"Jalan Kia Peng","kind":"tertiary"},"geometry":{"type":"LineString","coordinates":[[101.7133148,3.1521462],[101.7131733,3.1518487]]}},{"type":"Feature","properties":{"name":"","kind":"service"},"geometry":{"type":"LineString","coordinates":[[101.7133148,3.1521462],[101.7132169,3.152199]]}},{"type":"Feature","properties":{"name":"Jalan Kia Peng","kind":"tertiary"},"geometry":{"type":"LineString","coordinates":[[101.7133148,3.1521462],[101.7133885,3.1522853]]}},{"type":"Feature","properties":{"name":"","kind":"service"},"geometry":{"type":"LineString","coordinates":[[101.713128,3.1522393],[101.7132169,3.152199]]}},{"type":"Feature","properties":{"name":"Jalan Kia Peng","kind":"tertiary"},"geometry":{"type":"LineString","coordinates":[[101.7131733,3.1518487],[101.7133148,3.1521462]]}},{"type":"Feature","properties":{"name":"","kind":"service"},"geometry":{"type":"LineString","coordinates":[[101.7131733,3.1518487],[101.7130645,3.1519009]]}},{"type":"Feature","properties":{"name":"","kind":"service"},"geometry":{"type":"LineString","coordinates":[[101.7132169,3.152199],[101.7130645,3.1519009]]}},{"type":"Feature","properties":{"name":"","kind":"service"},"geometry":{"type":"LineString","coordinates":[[101.7132169,3.152199],[101.713128,3.1522393]]}},{"type":"Feature","properties":{"name":"","kind":"service"},"geometry":{"type":"LineString","coordinates":[[101.7132169,3.152199],[101.7133148,3.1521462]]}},{"type":"Feature","properties":{"name":"","kind":"service"},"geometry":{"type":"LineString","coordinates":[[101.7130645,3.1519009],[101.7132169,3.152199]]}},{"type":"Feature","properties":{"name":"","kind":"service"},"geometry":{"type":"LineString","coordinates":[[101.7130645,3.1519009],[101.7131733,3.1518487]]}},{"type":"Feature","properties":{"name":"Jalan Sultan Ismail","kind":"secondary"},"geometry":{"type":"LineString","coordinates":[[101.7086356,3.1532604],[101.7087953,3.1531871]]}},{"type":"Feature","properties":{"name":"","kind":"service"},"geometry":{"type":"LineString","coordinates":[[101.7086356,3.1532604],[101.7086685,3.153328]]}},{"type":"Feature","properties":{"name":"Jalan Sultan Ismail","kind":"secondary"},"geometry":{"type":"LineString","coordinates":[[101.7086356,3.1532604],[101.7084632,3.1533463],[101.7083293,3.1534189],[101.7082535,3.1534738],[101.7080794,3.1536302]]}},{"type":"Feature","properties":{"name":"KLCC-Bukit Bintang Pedestrian Walkway","kind":"footway"},"geometry":{"type":"LineString","coordinates":[[101.7132328,3.1540089],[101.7132071,3.1539618]]}},{"type":"Feature","properties":{"name":"","kind":"steps"},"geometry":{"type":"LineString","coordinates":[[101.7132328,3.1540089],[101.7132127,3.1540335],[101.7132241,3.1540631],[101.7132555,3.1540678]]}},{"type":"Feature","properties":{"name":"","kind":"steps"},"geometry":{"type":"LineString","coordinates":[[101.7132328,3.1540089],[101.7132638,3.154014],[101.7132751,3.1540433],[101.7132555,3.1540678]]}},{"type":"Feature","properties":{"name":"KLCC-Bukit Bintang Pedestrian Walkway","kind":"footway"},"geometry":{"type":"LineString","coordinates":[[101.7132071,3.1539618],[101.7132328,3.1540089]]}},{"type":"Feature","properties":{"name":"KLCC-Bukit Bintang Pedestrian Walkway","kind":["footway","steps"]},"geometry":{"type":"LineString","coordinates":[[101.7132071,3.1539618],[101.7129828,3.1534158],[101.7130065,3.1533646],[101.7129894,3.1533282],[101.7129743,3.1532961]]}},{"type":"Feature","properties":{"name":"Pedestrian Tunnel KLCC-KL Convention Center","kind":"corridor"},"geometry":{"type":"LineString","coordinates":[[101.7132071,3.1539618],[101.7121995,3.1550498],[101.7121582,3.1551441],[101.7119608,3.1556946],[101.7119971,3.1566533],[101.712355,3.15717],[101.7121445,3.1574002]]}},{"type":"Feature","properties":{"name":"","kind":"service"},"geometry":{"type":"LineString","coordinates":[[101.7147229,3.1591306],[101.7142543,3.1588857]]}},{"type":"Feature","properties":{"name":"","kind":"service"},"geometry":{"type":"LineString","coordinates":[[101.7147229,3.1591306],[101.7147818,3.1590359],[101.7151021,3.158448],[101.7152181,3.1582215],[101.7152012,3.1581716],[101.7144907,3.1579564]]}},{"type":"Feature","properties":{"name":"","kind":"service"},"geometry":{"type":"LineString","coordinates":[[101.7142543,3.1588857],[101.7147229,3.1591306]]}},{"type":"Feature","properties":{"name":"","kind":"service"},"geometry":{"type":"LineString","coordinates":[[101.7142543,3.1588857],[101.7141817,3.1588555],[101.7141469,3.1587854],[101.7144907,3.1579564]]}},{"type":"Feature","properties":{"name":"","kind":"footway"},"geometry":{"type":"LineString","coordinates":[[101.7116283,3.158046],[101.712131,3.157439]]}},{"type":"Feature","properties":{"name":"KL City Walk","kind":"footway"},"geometry":{"type":"LineString","coordinates":[[101.7116114,3.1529311],[101.7117189,3.1528315]]}},{"type":"Feature","properties":{"name":"KL City Walk","kind":"footway"},"geometry":{"type":"LineString","coordinates":[[101.7116114,3.1529311],[101.7089497,3.1553983]]}},{"type":"Feature","properties":{"name":"","kind":["footway","steps"]},"geometry":{"type":"LineString","coordinates":[[101.7116114,3.1529311],[101.7116216,3.1528872],[101.7116819,3.152835],[101.7117299,3.1527842]]}},{"type":"Feature","properties":{"name":"KLCC-Bukit Bintang Pedestrian Walkway","kind":"footway"},"geometry":{"type":"LineString","coordinates":[[101.7117299,3.1527842],[101.7116364,3.1526542]]}},{"type":"Feature","properties":{"name":"KLCC-Bukit Bintang Pedestrian Walkway","kind":"footway"},"geometry":{"type":"LineString","coordinates":[[101.7117299,3.1527842],[101.7120497,3.1531252]]}},{"type":"Feature","properties":{"name":"","kind":["footway","steps"]},"geometry":{"type":"LineString","coordinates":[[101.7117299,3.1527842],[101.7116819,3.152835],[101.7116216,3.1528872],[101.7116114,3.1529311]]}},{"type":"Feature","properties":{"name":"Jalan Perak","kind":"tertiary"},"geometry":{"type":"LineString","coordinates":[[101.7111858,3.1525781],[101.7112415,3.1525483]]}},{"type":"Feature","properties":{"name":"","kind":["footway","steps"]},"geometry":{"type":"LineString","coordinates":[[101.7111858,3.1525781],[101.7112802,3.1526029],[101.7114321,3.1526379],[101.7116364,3.1526542]]}},{"type":"Feature","properties":{"name":"Jalan Perak","kind":"tertiary"},"geometry":{"type":"LineString","coordinates":[[101.7111858,3.1525781],[101.7110412,3.1526555],[101.7105485,3.1529849]]}},{"type":"Feature","properties":{"name":"KLCC-Bukit Bintang Pedestrian Walkway","kind":"footway"},"geometry":{"type":"LineString","coordinates":[[101.7116364,3.1526542],[101.7117299,3.1527842]]}},{"type":"Feature","properties":{"name":"KLCC-Bukit Bintang Pedestrian Walkway","kind":"footway"},"geometry":{"type":"LineString","coordinates":[[101.7116364,3.1526542],[101.711566,3.1525694],[101.7118,3.1521015]]}},{"type":"Feature","properties":{"name":"","kind":["footway","steps"]},"geometry":{"type":"LineString","coordinates":[[101.7116364,3.1526542],[101.7114321,3.1526379],[101.7112802,3.1526029],[101.7111858,3.1525781]]}},{"type":"Feature","properties":{"name":"","kind":"footway"},"geometry":{"type":"LineString","coordinates":[[101.7100751,3.1541895],[101.7097178,3.1538097],[101.7096233,3.1537088],[101.7098902,3.1535464]]}},{"type":"Feature","properties":{"name":"","kind":"service"},"geometry":{"type":"LineString","coordinates":[[101.7098902,3.1535464],[101.7098531,3.1534856]]}},{"type":"Feature","properties":{"name":"","kind":"footway"},"geometry":{"type":"LineString","coordinates":[[101.7098902,3.1535464],[101.7096233,3.1537088],[101.7097178,3.1538097],[101.7100751,3.1541895]]}},{"type":"Feature","properties":{"name":"","kind":"service"},"geometry":{"type":"LineString","coordinates":[[101.7098902,3.1535464],[101.7099405,3.1536289],[101.709965,3.1536399],[101.7101883,3.1534987],[101.710194,3.1534854],[101.7101872,3.153463],[101.7101105,3.1533458]]}},{"type":"Feature","properties":{"name":"","kind":"service"},"geometry":{"type":"LineString","coordinates":[[101.709129,3.1530072],[101.7091499,3.1530648]]}},{"type":"Feature","properties":{"name":"Jalan Sultan Ismail","kind":"secondary"},"geometry":{"type":"LineString","coordinates":[[101.709129,3.1530072],[101.7092096,3.1529531],[101.7092341,3.1529344]]}},{"type":"Feature","properties":{"name":"Jalan Sultan Ismail","kind":"secondary"},"geometry":{"type":"LineString","coordinates":[[101.709129,3.1530072],[101.7090378,3.1530575],[101.7089189,3.1531202],[101.7087953,3.1531871]]}},{"type":"Feature","properties":{"name":"Jalan Perak","kind":"tertiary"},"geometry":{"type":"LineString","coordinates":[[101.7094573,3.1536316],[101.7091527,3.1537968]]}},{"type":"Feature","properties":{"name":"","kind":"service"},"geometry":{"type":"LineString","coordinates":[[101.7094573,3.1536316],[101.7093674,3.153505],[101.70935,3.1534909],[101.7093393,3.1534889],[101.7093289,3.1534936],[101.7091632,3.1536286],[101.7091542,3.1536409],[101.7091482,3.1536589],[101.7091527,3.1537968]]}},{"type":"Feature","properties":{"name":"Jalan Perak","kind":"tertiary"},"geometry":{"type":"LineString","coordinates":[[101.7094573,3.1536316],[101.7094924,3.1536106]]}},{"type":"Feature","properties":{"name":"Jalan Perak","kind":"tertiary"},"geometry":{"type":"LineString","coordinates":[[101.7091527,3.1537968],[101.7094573,3.1536316]]}},{"type":"Feature","properties":{"name":"","kind":"service"},"geometry":{"type":"LineString","coordinates":[[101.7091527,3.1537968],[101.7091482,3.1536589],[101.7091542,3.1536409],[101.7091632,3.1536286],[101.7093289,3.1534936],[101.7093393,3.1534889],[101.70935,3.1534909],[101.7093674,3.153505],[101.7094573,3.1536316]]}},{"type":"Feature","properties":{"name":"Jalan Perak","kind":"tertiary"},"geometry":{"type":"LineString","coordinates":[[101.7091527,3.1537968],[101.7090845,3.1538353],[101.7089231,3.1539719]]}},{"type":"Feature","properties":{"name":"","kind":"service"},"geometry":{"type":"LineString","coordinates":[[101.7085701,3.1542866],[101.7086017,3.1543207]]}},{"type":"Feature","properties":{"name":"Jalan Perak","kind":"tertiary"},"geometry":{"type":"LineString","coordinates":[[101.7085701,3.1542866],[101.7085104,3.1543363]]}},{"type":"Feature","properties":{"name":"Jalan Perak","kind":"tertiary"},"geometry":{"type":"LineString","coordinates":[[101.7085701,3.1542866],[101.7087438,3.1541236]]}},{"type":"Feature","properties":{"name":"","kind":"service"},"geometry":{"type":"LineString","coordinates":[[101.7087438,3.1541236],[101.7087838,3.1541634]]}},{"type":"Feature","properties":{"name":"Jalan Perak","kind":"tertiary"},"geometry":{"type":"LineString","coordinates":[[101.7087438,3.1541236],[101.7085701,3.1542866]]}},{"type":"Feature","properties":{"name":"Jalan Perak","kind":"tertiary"},"geometry":{"type":"LineString","coordinates":[[101.7087438,3.1541236],[101.7089231,3.1539719]]}},{"type":"Feature","properties":{"name":"","kind":"service"},"geometry":{"type":"LineString","coordinates":[[101.7086688,3.1543929],[101.7086017,3.1543207]]}},{"type":"Feature","properties":{"name":"","kind":"service"},"geometry":{"type":"LineString","coordinates":[[101.7086688,3.1543929],[101.7088494,3.1542286]]}},{"type":"Feature","properties":{"name":"","kind":"service"},"geometry":{"type":"LineString","coordinates":[[101.7086688,3.1543929],[101.7092351,3.1549736],[101.7094229,3.1547888],[101.7088494,3.1542286]]}},{"type":"Feature","properties":{"name":"","kind":"service"},"geometry":{"type":"LineString","coordinates":[[101.7088494,3.1542286],[101.7087838,3.1541634]]}},{"type":"Feature","properties":{"name":"","kind":"service"},"geometry":{"type":"LineString","coordinates":[[101.7088494,3.1542286],[101.7086688,3.1543929]]}},{"type":"Feature","properties":{"name":"","kind":"service"},"geometry":{"type":"LineString","coordinates":[[101.7088494,3.1542286],[101.7094229,3.1547888],[101.7092351,3.1549736],[101.7086688,3.1543929]]}},{"type":"Feature","properties":{"name":"","kind":"service"},"geometry":{"type":"LineString","coordinates":[[101.7109953,3.1565561],[101.7110479,3.1565917]]}},{"type":"Feature","properties":{"name":"Persiaran Petronas","kind":"service"},"geometry":{"type":"LineString","coordinates":[[101.7109953,3.1565561],[101.7109939,3.1563308],[101.7110314,3.1562073]]}},{"type":"Feature","properties":{"name":"Persiaran Petronas","kind":"service"},"geometry":{"type":"LineString","coordinates":[[101.7109953,3.1565561],[101.7109961,3.1566776],[101.7110066,3.1570129]]}},{"type":"Feature","properties":{"name":"","kind":"service"},"geometry":{"type":"LineString","coordinates":[[101.7109953,3.1565561],[101.7109749,3.1565547],[101.7109187,3.1565509]]}},{"type":"Feature","properties":{"name":"Persiaran Petronas","kind":"service"},"geometry":{"type":"LineString","coordinates":[[101.7109187,3.1565509],[101.7109148,3.1566105]]}},{"type":"Feature","properties":{"name":"","kind":"service"},"geometry":{"type":"LineString","coordinates":[[101.7109187,3.1565509],[101.7109749,3.1565547],[101.7109953,3.1565561]]}},{"type":"Feature","properties":{"name":"Persiaran Petronas","kind":"service"},"geometry":{"type":"LineString","coordinates":[[101.7109187,3.1565509],[101.7109336,3.1563263],[101.7109417,3.1562135]]}},{"type":"Feature","properties":{"name":"","kind":"service"},"geometry":{"type":"LineString","coordinates":[[101.7082343,3.1539505],[101.7081538,3.153854],[101.7081512,3.1538139],[101.7081619,3.1537871],[101.7082082,3.1537234]]}},{"type":"Feature","properties":{"name":"Jalan Sultan Ismail","kind":"secondary"},"geometry":{"type":"LineString","coordinates":[[101.7085987,3.1531509],[101.7084605,3.1532158]]}},{"type":"Feature","properties":{"name":"","kind":"service"},"geometry":{"type":"LineString","coordinates":[[101.7085987,3.1531509],[101.7085757,3.1530845]]}},{"type":"Feature","properties":{"name":"Jalan Sultan Ismail","kind":"secondary"},"geometry":{"type":"LineString","coordinates":[[101.7085987,3.1531509],[101.7088651,3.1530325],[101.7090154,3.1529647],[101.7091538,3.1528743],[101.7092739,3.1527841],[101.7093911,3.1526732],[101.7094755,3.1525809],[101.7095847,3.1524495],[101.7096781,3.1523215]]}},{"type":"Feature","properties":{"name":"","kind":"service"},"geometry":{"type":"LineString","coordinates":[[101.7138381,3.1527714],[101.7138948,3.1527665]]}},{"type":"Feature","properties":{"name":"Jalan Kia Peng","kind":"tertiary"},"geometry":{"type":"LineString","coordinates":[[101.7138381,3.1527714],[101.7139909,3.1528586]]}},{"type":"Feature","properties":{"name":"Jalan Kia Peng","kind":"tertiary"},"geometry":{"type":"LineString","coordinates":[[101.7138381,3.1527714],[101.7137721,3.1527408],[101.7137357,3.1527169],[101.7136834,3.1526888],[101.7136367,3.1526556],[101.7136123,3.1526332],[101.713577,3.1525997],[101.7134693,3.1524376]]}},{"type":"Feature","properties":{"name":"Jalan Pinang","kind":"tertiary"},"geometry":{"type":"LineString","coordinates":[[101.7129207,3.1528643],[101.7130874,3.1528424]]}},{"type":"Feature","properties":{"name":"Jalan Pinang","kind":"tertiary"},"geometry":{"type":"LineString","coordinates":[[101.7129207,3.1528643],[101.712623,3.1529035]]}},{"type":"Feature","properties":{"name":"","kind":"service"},"geometry":{"type":"LineString","coordinates":[[101.7129207,3.1528643],[101.7129132,3.1528146]]}},{"type":"Feature","properties":{"name":"","kind":"footway"},"geometry":{"type":"LineString","coordinates":[[101.7119817,3.1536143],[101.7121088,3.1536204]]}},{"type":"Feature","properties":{"name":"","kind":"service"},"geometry":{"type":"LineString","coordinates":[[101.7119817,3.1536143],[101.7119851,3.1535668],[101.7119877,3.1534965],[101.711989,3.1534302],[101.7119798,3.1533849]]}},{"type":"Feature","properties":{"name":"","kind":"service"},"geometry":{"type":"LineString","coordinates":[[101.7119817,3.1536143],[101.711973,3.1536703],[101.7119257,3.1537483],[101.7118687,3.1537825]]}},{"type":"Feature","properties":{"name":"","kind":"service"},"geometry":{"type":"LineString","coordinates":[[101.7118321,3.1533733],[101.711744,3.1533399]]}},{"type":"Feature","properties":{"name":"","kind":"service"},"geometry":{"type":"LineString","coordinates":[[101.7118321,3.1533733],[101.7118786,3.1533823]]}},{"type":"Feature","properties":{"name":"","kind":"footway"},"geometry":{"type":"LineString","coordinates":[[101.7118321,3.1533733],[101.7118407,3.1533373]]}},{"type":"Feature","properties":{"name":"","kind":"footway"},"geometry":{"type":"LineString","coordinates":[[101.7118321,3.1533733],[101.7118131,3.1534253],[101.7118063,3.1534409]]}},{"type":"Feature","properties":{"name":"Persiaran Petronas","kind":"service"},"geometry":{"type":"LineString","coordinates":[[101.7109685,3.1557374],[101.7110344,3.1558734]]}},{"type":"Feature","properties":{"name":"","kind":"service"},"geometry":{"type":"LineString","coordinates":[[101.7109685,3.1557374],[101.7110531,3.1557897],[101.7111044,3.1558051]]}},{"type":"Feature","properties":{"name":"Persiaran Petronas","kind":"service"},"geometry":{"type":"LineString","coordinates":[[101.7109685,3.1557374],[101.7109527,3.1556785],[101.7108933,3.1551746]]}},{"type":"Feature","properties":{"name":"","kind":"service"},"geometry":{"type":"LineString","coordinates":[[101.7113779,3.155133],[101.7113607,3.1551931],[101.7113501,3.1552346],[101.7113381,3.1553217]]}},{"type":"Feature","properties":{"name":"","kind":"service"},"geometry":{"type":"LineString","coordinates":[[101.7113779,3.155133],[101.71141,3.155087],[101.7114412,3.1550182]]}},{"type":"Feature","properties":{"name":"","kind":"service"},"geometry":{"type":"LineString","coordinates":[[101.7113779,3.155133],[101.7113813,3.1550752],[101.7114133,3.1550042]]}},{"type":"Feature","properties":{"name":"","kind":"service"},"geometry":{"type":"LineString","coordinates":[[101.7110489,3.1545236],[101.7110516,3.1544981],[101.711063,3.154468],[101.7111068,3.1544159]]}},{"type":"Feature","properties":{"name":"","kind":"service"},"geometry":{"type":"LineString","coordinates":[[101.7110489,3.1545236],[101.7110583,3.1545497],[101.7110773,3.1545704]]}},{"type":"Feature","properties":{"name":"","kind":"service"},"geometry":{"type":"LineString","coordinates":[[101.7110489,3.1545236],[101.7108847,3.1544857],[101.7106111,3.1543143]]}},{"type":"Feature","properties":{"name":"Jalan P. Ramlee","kind":"tertiary"},"geometry":{"type":"LineString","coordinates":[[101.7097076,3.1561495],[101.7097454,3.1561828]]}},{"type":"Feature","properties":{"name":"Jalan P. Ramlee","kind":"tertiary"},"geometry":{"type":"LineString","coordinates":[[101.7097076,3.1561495],[101.7096769,3.1561242]]}},{"type":"Feature","properties":{"name":"Jalan Law Yew Swee","kind":"residential"},"geometry":{"type":"LineString","coordinates":[[101.7097076,3.1561495],[101.7096836,3.1561886]]}},{"type":"Feature","properties":{"name":"","kind":"footway"},"geometry":{"type":"LineString","coordinates":[[101.7111703,3.1582453],[101.7113495,3.1580689],[101.7111204,3.1577943],[101.7110995,3.1572725],[101.7110954,3.1571692]]}},{"type":"Feature","properties":{"name":"Persiaran Petronas","kind":"service"},"geometry":{"type":"LineString","coordinates":[[101.7111703,3.1582453],[101.7110283,3.1580716],[101.7109966,3.1580328]]}},{"type":"Feature","properties":{"name":"","kind":"service"},"geometry":{"type":"LineString","coordinates":[[101.7168999,3.157746],[101.7166113,3.1584357]]}},{"type":"Feature","properties":{"name":"","kind":"service"},"geometry":{"type":"LineString","coordinates":[[101.7168999,3.157746],[101.7169216,3.1576668]]}},{"type":"Feature","properties":{"name":"","kind":"service"},"geometry":{"type":"LineString","coordinates":[[101.7168999,3.157746],[101.7170943,3.1578108]]}},{"type":"Feature","properties":{"name":"","kind":"service"},"geometry":{"type":"LineString","coordinates":[[101.7144907,3.1579564],[101.7152012,3.1581716],[101.7152181,3.1582215],[101.7151021,3.158448],[101.7147818,3.1590359],[101.7147229,3.1591306]]}},{"type":"Feature","properties":{"name":"","kind":"service"},"geometry":{"type":"LineString","coordinates":[[101.7144907,3.1579564],[101.7141469,3.1587854],[101.7141817,3.1588555],[101.7142543,3.1588857]]}},{"type":"Feature","properties":{"name":"","kind":["footway","steps"]},"geometry":{"type":"LineString","coordinates":[[101.7144907,3.1579564],[101.7145011,3.1579267],[101.7145225,3.1578603]]}},{"type":"Feature","properties":{"name":"Persiaran KLCC","kind":"residential"},"geometry":{"type":"LineString","coordinates":[[101.7144741,3.1578469],[101.7145225,3.1578603]]}},{"type":"Feature","properties":{"name":"Persiaran KLCC","kind":"residential"},"geometry":{"type":"LineString","coordinates":[[101.7144741,3.1578469],[101.714071,3.1577357]]}},{"type":"Feature","properties":{"name":"","kind":"service"},"geometry":{"type":"LineString","coordinates":[[101.7144741,3.1578469],[101.7144169,3.158022],[101.7143268,3.158231]]}},{"type":"Feature","properties":{"name":"","kind":"service"},"geometry":{"type":"LineString","coordinates":[[101.7143268,3.158231],[101.7144169,3.158022],[101.7144741,3.1578469]]}},{"type":"Feature","properties":{"name":"","kind":"service"},"geometry":{"type":"LineString","coordinates":[[101.7097065,3.1560749],[101.7099658,3.1557882]]}},{"type":"Feature","properties":{"name":"","kind":"service"},"geometry":{"type":"LineString","coordinates":[[101.7097065,3.1560749],[101.7097583,3.1561152],[101.7097995,3.1561228],[101.7098418,3.1561142],[101.7098784,3.1560767],[101.7100126,3.1559254]]}},{"type":"Feature","properties":{"name":"","kind":"service"},"geometry":{"type":"LineString","coordinates":[[101.7097065,3.1560749],[101.7095036,3.1559045],[101.7094715,3.1559005]]}},{"type":"Feature","properties":{"name":"Jalan P. Ramlee","kind":"tertiary"},"geometry":{"type":"LineString","coordinates":[[101.7097454,3.1561828],[101.7097076,3.1561495]]}},{"type":"Feature","properties":{"name":"Jalan P. Ramlee","kind":"tertiary"},"geometry":{"type":"LineString","coordinates":[[101.7097454,3.1561828],[101.7098505,3.1562985]]}},{"type":"Feature","properties":{"name":"Jalan Pinang","kind":"tertiary"},"geometry":{"type":"LineString","coordinates":[[101.7097454,3.1561828],[101.7097986,3.1561995],[101.7098415,3.1562065],[101.7098637,3.1562049],[101.7098826,3.1562036],[101.7099256,3.1561979]]}},{"type":"Feature","properties":{"name":"Jalan Law Yew Swee","kind":"residential"},"geometry":{"type":"LineString","coordinates":[[101.7096173,3.1563434],[101.7092152,3.1569588]]}},{"type":"Feature","properties":{"name":"Jalan Law Yew Swee","kind":"residential"},"geometry":{"type":"LineString","coordinates":[[101.7096173,3.1563434],[101.7096964,3.1563253],[101.7097972,3.1563078]]}},{"type":"Feature","properties":{"name":"Jalan Law Yew Swee","kind":"residential"},"geometry":{"type":"LineString","coordinates":[[101.7096173,3.1563434],[101.7096441,3.156253],[101.7096836,3.1561886]]}},{"type":"Feature","properties":{"name":"Jalan Sultan Ismail","kind":"secondary"},"geometry":{"type":"LineString","coordinates":[[101.7077257,3.1539472],[101.7078724,3.1538094]]}},{"type":"Feature","properties":{"name":"Jalan P. Ramlee","kind":"tertiary"},"geometry":{"type":"LineString","coordinates":[[101.7077257,3.1539472],[101.7077873,3.154024],[101.7080002,3.1542682],[101.7081626,3.1544123],[101.7082134,3.1544232],[101.7082794,3.154423],[101.708449,3.1543923]]}},{"type":"Feature","properties":{"name":"Persiaran KLCC","kind":"residential"},"geometry":{"type":"LineString","coordinates":[[101.7181949,3.1545643],[101.7181902,3.1551101]]}},{"type":"Feature","properties":{"name":"Persiaran KLCC","kind":"residential"},"geometry":{"type":"LineString","coordinates":[[101.7181949,3.1545643],[101.7181924,3.1544247]]}},{"type":"Feature","properties":{"name":"Persiaran KLCC","kind":"residential"},"geometry":{"type":"LineString","coordinates":[[101.7181949,3.1545643],[101.7181541,3.1544975],[101.7181179,3.1544573],[101.7181021,3.1544436],[101.7180656,3.1544118],[101.7179773,3.1543598]]}},{"type":"Feature","properties":{"name":"Persiaran KLCC","kind":"residential"},"geometry":{"type":"LineString","coordinates":[[101.7179773,3.1543598],[101.7176853,3.1542718]]}},{"type":"Feature","properties":{"name":"Persiaran KLCC","kind":"residential"},"geometry":{"type":"LineString","coordinates":[[101.7179773,3.1543598],[101.7180656,3.1544118],[101.7181021,3.1544436],[101.7181179,3.1544573],[101.7181541,3.1544975],[101.7181949,3.1545643]]}},{"type":"Feature","properties":{"name":"Persiaran KLCC","kind":"residential"},"geometry":{"type":"LineString","coordinates":[[101.7179773,3.1543598],[101.7181521,3.1544126],[101.7181924,3.1544247]]}},{"type":"Feature","properties":{"name":"Jalan Stonor","kind":"residential"},"geometry":{"type":"LineString","coordinates":[[101.7179497,3.152458],[101.718073,3.1527068]]}},{"type":"Feature","properties":{"name":"Jalan Stonor","kind":"residential"},"geometry":{"type":"LineString","coordinates":[[101.7179497,3.152458],[101.7178815,3.152311]]}},{"type":"Feature","properties":{"name":"","kind":"tertiary_link"},"geometry":{"type":"LineString","coordinates":[[101.7179497,3.152458],[101.7178752,3.1524092],[101.7178135,3.1523784],[101.7177994,3.1523741]]}},{"type":"Feature","properties":{"name":"Jalan Kia Peng","kind":"tertiary"},"geometry":{"type":"LineString","coordinates":[[101.7174947,3.1523925],[101.7177017,3.1522911],[101.7177692,3.152258]]}},{"type":"Feature","properties":{"name":"Jalan Kia Peng","kind":"tertiary"},"geometry":{"type":"LineString","coordinates":[[101.7174947,3.1523925],[101.7172361,3.1525314],[101.7169144,3.1526916],[101.7166081,3.1528168],[101.7164294,3.1528615],[101.7163737,3.152864]]}},{"type":"Feature","properties":{"name":"","kind":"tertiary_link"},"geometry":{"type":"LineString","coordinates":[[101.7174947,3.1523925],[101.7177477,3.152363],[101.7177748,3.1523666]]}},{"type":"Feature","properties":{"name":"Jalan Sultan Ismail","kind":"secondary"},"geometry":{"type":"LineString","coordinates":[[101.7096781,3.1523215],[101.7095847,3.1524495],[101.7094755,3.1525809],[101.7093911,3.1526732],[101.7092739,3.1527841],[101.7091538,3.1528743],[101.7090154,3.1529647],[101.7088651,3.1530325],[101.7085987,3.1531509]]}},{"type":"Feature","properties":{"name":"Jalan Sultan Ismail","kind":"secondary"},"geometry":{"type":"LineString","coordinates":[[101.7096781,3.1523215],[101.7097674,3.152177],[101.7098427,3.1520639],[101.7099041,3.1519697],[101.7099592,3.1518569]]}},{"type":"Feature","properties":{"name":"","kind":"service"},"geometry":{"type":"LineString","coordinates":[[101.7096781,3.1523215],[101.7096086,3.1521608],[101.7096716,3.1520429],[101.7097253,3.1519361]]}},{"type":"Feature","properties":{"name":"Persiaran KLCC","kind":"residential"},"geometry":{"type":"LineString","coordinates":[[101.7182648,3.1544421],[101.7182623,3.1543569]]}},{"type":"Feature","properties":{"name":"Persiaran KLCC","kind":"residential"},"geometry":{"type":"LineString","coordinates":[[101.7182648,3.1544421],[101.7181924,3.1544247]]}},{"type":"Feature","properties":{"name":"Persiaran KLCC","kind":"residential"},"geometry":{"type":"LineString","coordinates":[[101.7182623,3.1543569],[101.71819,3.154339]]}},{"type":"Feature","properties":{"name":"Persiaran KLCC","kind":"residential"},"geometry":{"type":"LineString","coordinates":[[101.7182623,3.1543569],[101.7182648,3.1544421]]}},{"type":"Feature","properties":{"name":"Jalan Stonor","kind":"residential"},"geometry":{"type":"LineString","coordinates":[[101.7182623,3.1543569],[101.7182528,3.1540335],[101.7182056,3.1538877]]}},{"type":"Feature","properties":{"name":"Jalan Sultan Ismail","kind":"secondary"},"geometry":{"type":"LineString","coordinates":[[101.7079756,3.1535121],[101.7077713,3.1537086]]}},{"type":"Feature","properties":{"name":"Jalan Sultan Ismail","kind":"secondary"},"geometry":{"type":"LineString","coordinates":[[101.7079756,3.1535121],[101.7079853,3.1535037]]}},{"type":"Feature","properties":{"name":"","kind":"secondary_link"},"geometry":{"type":"LineString","coordinates":[[101.7079756,3.1535121],[101.7077702,3.1536105],[101.7077026,3.1536182],[101.7076634,3.1536201]]}},{"type":"Feature","properties":{"name":"Jalan Kia Peng","kind":"tertiary"},"geometry":{"type":"LineString","coordinates":[[101.7139909,3.1528586],[101.7141473,3.1529059]]}},{"type":"Feature","properties":{"name":"","kind":"service"},"geometry":{"type":"LineString","coordinates":[[101.7139909,3.1528586],[101.7139999,3.1528096]]}},{"type":"Feature","properties":{"name":"Jalan Kia Peng","kind":"tertiary"},"geometry":{"type":"LineString","coordinates":[[101.7139909,3.1528586],[101.7138381,3.1527714]]}},{"type":"Feature","properties":{"name":"","kind":"service"},"geometry":{"type":"LineString","coordinates":[[101.7087525,3.1528527],[101.7085265,3.1529424],[101.7085757,3.1530845]]}},{"type":"Feature","properties":{"name":"Persiaran KLCC","kind":"residential"},"geometry":{"type":"LineString","coordinates":[[101.7171483,3.1576407],[101.7172604,3.1576785]]}},{"type":"Feature","properties":{"name":"","kind":"service"},"geometry":{"type":"LineString","coordinates":[[101.7171483,3.1576407],[101.7171324,3.1577277],[101.7171272,3.1577391]]}},{"type":"Feature","properties":{"name":"Persiaran KLCC","kind":"residential"},"geometry":{"type":"LineString","coordinates":[[101.7171483,3.1576407],[101.7170531,3.1576225],[101.7169503,3.1575871]]}},{"type":"Feature","properties":{"name":"","kind":"service"},"geometry":{"type":"LineString","coordinates":[[101.7170943,3.1578108],[101.7171272,3.1577391]]}},{"type":"Feature","properties":{"name":"","kind":"service"},"geometry":{"type":"LineString","coordinates":[[101.7170943,3.1578108],[101.7168999,3.157746]]}},{"type":"Feature","properties":{"name":"","kind":"service"},"geometry":{"type":"LineString","coordinates":[[101.7170943,3.1578108],[101.7175101,3.1580157]]}},{"type":"Feature","properties":{"name":"","kind":"service"},"geometry":{"type":"LineString","coordinates":[[101.7175101,3.1580157],[101.7170943,3.1578108]]}},{"type":"Feature","properties":{"name":"Persiaran KLCC","kind":"residential"},"geometry":{"type":"LineString","coordinates":[[101.7145225,3.1578603],[101.7144741,3.1578469]]}},{"type":"Feature","properties":{"name":"Persiaran KLCC","kind":"residential"},"geometry":{"type":"LineString","coordinates":[[101.7145225,3.1578603],[101.7153391,3.1580856]]}},{"type":"Feature","properties":{"name":"","kind":["footway","steps"]},"geometry":{"type":"LineString","coordinates":[[101.7145225,3.1578603],[101.7145011,3.1579267],[101.7144907,3.1579564]]}},{"type":"Feature","properties":{"name":"","kind":"service"},"geometry":{"type":"LineString","coordinates":[[101.7164868,3.1576235],[101.7164606,3.1575912],[101.7164369,3.1575504]]}},{"type":"Feature","properties":{"name":"Persiaran KLCC","kind":"residential"},"geometry":{"type":"LineString","coordinates":[[101.7164868,3.1576235],[101.7163527,3.1578323],[101.7161051,3.1582142],[101.7160851,3.158245]]}},{"type":"Feature","properties":{"name":"Persiaran KLCC","kind":"residential"},"geometry":{"type":"LineString","coordinates":[[101.7164868,3.1576235],[101.7165601,3.1575406],[101.7166355,3.157502],[101.7167279,3.1574953]]}},{"type":"Feature","properties":{"name":"","kind":"service"},"geometry":{"type":"LineString","coordinates":[[101.7164369,3.1575504],[101.7164449,3.157511],[101.7164744,3.1574685],[101.716534,3.1574462],[101.7166117,3.1574462],[101.7166654,3.1574658]]}},{"type":"Feature","properties":{"name":"","kind":"service"},"geometry":{"type":"LineString","coordinates":[[101.7164369,3.1575504],[101.7164606,3.1575912],[101.7164868,3.1576235]]}},{"type":"Feature","properties":{"name":"","kind":"footway"},"geometry":{"type":"LineString","coordinates":[[101.7164369,3.1575504],[101.7161015,3.1576964],[101.7156922,3.1575693],[101.7156843,3.1575393],[101.7156939,3.1575011]]}},{"type":"Feature","properties":{"name":"","kind":"footway"},"geometry":{"type":"LineString","coordinates":[[101.7133548,3.1562512],[101.7133307,3.1561824],[101.7132671,3.1561582]]}},{"type":"Feature","properties":{"name":"","kind":"footway"},"geometry":{"type":"LineString","coordinates":[[101.7132671,3.1561582],[101.7132235,3.1562443]]}},{"type":"Feature","properties":{"name":"","kind":["footway","steps"]},"geometry":{"type":"LineString","coordinates":[[101.7132671,3.1561582],[101.713281,3.1561307],[101.7132628,3.1560657],[101.713291,3.155965],[101.7133756,3.1558718]]}},{"type":"Feature","properties":{"name":"","kind":["footway","steps"]},"geometry":{"type":"LineString","coordinates":[[101.7132671,3.1561582],[101.7132066,3.1561352],[101.7131708,3.1561841],[101.7131112,3.1561637],[101.713059,3.1561898],[101.7129625,3.1561423],[101.7129092,3.1561161]]}},{"type":"Feature","properties":{"name":"","kind":"footway"},"geometry":{"type":"LineString","coordinates":[[101.7132671,3.1561582],[101.7133307,3.1561824],[101.7133548,3.1562512]]}},{"type":"Feature","properties":{"name":"","kind":"footway"},"geometry":{"type":"LineString","coordinates":[[101.7129092,3.1561161],[101.7129088,3.156149],[101.712878,3.1561934],[101.712841,3.156222],[101.7128234,3.1562419],[101.7128088,3.1562659],[101.7128002,3.1562868],[101.7127936,3.1563076],[101.7127948,3.1563344],[101.712801,3.1563612],[101.7128161,3.1563842],[101.7128373,3.1564071],[101.7128667,3.1564227],[101.7129001,3.1564331],[101.7129336,3.156432],[101.7129641,3.1564237],[101.7129881,3.1564055],[101.7130039,3.1563872],[101.7130219,3.1563622],[101.7130328,3.1563342],[101.7130294,3.1562948],[101.7130585,3.156258],[101.7131135,3.1562523],[101.7131635,3.1562548],[101.7132235,3.1562443]]}},{"type":"Feature","properties":{"name":"","kind":"footway"},"geometry":{"type":"LineString","coordinates":[[101.7129092,3.1561161],[101.7129034,3.1560578],[101.7128613,3.1559853],[101.7127767,3.1559261],[101.7126395,3.1559181]]}},{"type":"Feature","properties":{"name":"","kind":["footway","steps"]},"geometry":{"type":"LineString","coordinates":[[101.7129092,3.1561161],[101.7129625,3.1561423],[101.713059,3.1561898],[101.7131112,3.1561637],[101.7131708,3.1561841],[101.7132066,3.1561352],[101.7132671,3.1561582]]}},{"type":"Feature","properties":{"name":"","kind":"footway"},"geometry":{"type":"LineString","coordinates":[[101.7137331,3.157178],[101.7136897,3.1572146],[101.7136178,3.1572656]]}},{"type":"Feature","properties":{"name":"","kind":"footway"},"geometry":{"type":"LineString","coordinates":[[101.7137331,3.157178],[101.7138307,3.157137],[101.713998,3.1570482]]}},{"type":"Feature","properties":{"name":"","kind":"footway"},"geometry":{"type":"LineString","coordinates":[[101.7137331,3.157178],[101.713729,3.1571316],[101.7136415,3.1570137],[101.7135568,3.1569978],[101.7133231,3.1569538]]}},{"type":"Feature","properties":{"name":"","kind":"footway"},"geometry":{"type":"LineString","coordinates":[[101.7125465,3.1561372],[101.7124713,3.1561416]]}},{"type":"Feature","properties":{"name":"","kind":"footway"},"geometry":{"type":"LineString","coordinates":[[101.7125465,3.1561372],[101.7125572,3.1563797],[101.7125514,3.1566571],[101.7127188,3.1568092]]}},{"type":"Feature","properties":{"name":"","kind":"footway"},"geometry":{"type":"LineString","coordinates":[[101.7125465,3.1561372],[101.7125431,3.1560063],[101.7126395,3.1559181]]}},{"type":"Feature","properties":{"name":"","kind":"footway"},"geometry":{"type":"LineString","coordinates":[[101.7130521,3.1547692],[101.7133756,3.1545467]]}},{"type":"Feature","properties":{"name":"","kind":"footway"},"geometry":{"type":"LineString","coordinates":[[101.7130521,3.1547692],[101.7131903,3.1548166],[101.7133535,3.1547129],[101.7133756,3.1545467]]}},{"type":"Feature","properties":{"name":"","kind":"footway"},"geometry":{"type":"LineString","coordinates":[[101.7130521,3.1547692],[101.7129865,3.1548149],[101.7129037,3.1548711],[101.712783,3.1549353],[101.7126423,3.1549824]]}},{"type":"Feature","properties":{"name":"","kind":"footway"},"geometry":{"type":"LineString","coordinates":[[101.7133756,3.1545467],[101.7134282,3.1544995]]}},{"type":"Feature","properties":{"name":"","kind":"footway"},"geometry":{"type":"LineString","coordinates":[[101.7133756,3.1545467],[101.7130521,3.1547692]]}},{"type":"Feature","properties":{"name":"","kind":"footway"},"geometry":{"type":"LineString","coordinates":[[101.7133756,3.1545467],[101.7133535,3.1547129],[101.7131903,3.1548166],[101.7130521,3.1547692]]}},{"type":"Feature","properties":{"name":"","kind":"footway"},"geometry":{"type":"LineString","coordinates":[[101.7154536,3.1548381],[101.7154664,3.1547555]]}},{"type":"Feature","properties":{"name":"","kind":"footway"},"geometry":{"type":"LineString","coordinates":[[101.7154536,3.1548381],[101.7153663,3.155003],[101.7153462,3.1550688]]}},{"type":"Feature","properties":{"name":"","kind":"footway"},"geometry":{"type":"LineString","coordinates":[[101.7154536,3.1548381],[101.7155217,3.1549114],[101.7155966,3.155015]]}},{"type":"Feature","properties":{"name":"","kind":"footway"},"geometry":{"type":"LineString","coordinates":[[101.7151113,3.1544237],[101.713348,3.154132]]}},{"type":"Feature","properties":{"name":"","kind":"footway"},"geometry":{"type":"LineString","coordinates":[[101.7151113,3.1544237],[101.7151241,3.1543133]]}},{"type":"Feature","properties":{"name":"","kind":"footway"},"geometry":{"type":"LineString","coordinates":[[101.7151113,3.1544237],[101.7151845,3.1544359],[101.7155091,3.1544993]]}},{"type":"Feature","properties":{"name":"","kind":"footway"},"geometry":{"type":"LineString","coordinates":[[101.7157617,3.1557129],[101.7157478,3.1558794]]}},{"type":"Feature","properties":{"name":"","kind":"footway"},"geometry":{"type":"LineString","coordinates":[[101.7156904,3.1562742],[101.7157435,3.1562496],[101.7158764,3.1561837],[101.7159925,3.1561454],[101.7161403,3.1561319]]}},{"type":"Feature","properties":{"name":"","kind":"footway"},"geometry":{"type":"LineString","coordinates":[[101.7156904,3.1562742],[101.7156584,3.1562766],[101.7156157,3.1562324]]}},{"type":"Feature","properties":{"name":"","kind":"footway"},"geometry":{"type":"LineString","coordinates":[[101.7156904,3.1562742],[101.715731,3.1561938],[101.715747,3.1561205],[101.7157263,3.1560361],[101.7157478,3.1558794]]}},{"type":"Feature","properties":{"name":"","kind":"footway"},"geometry":{"type":"LineString","coordinates":[[101.7156904,3.1562742],[101.7156258,3.1563258],[101.715441,3.1564412],[101.7151738,3.1565757],[101.7150635,3.1566029],[101.7150424,3.156634]]}},{"type":"Feature","properties":{"name":"","kind":"footway"},"geometry":{"type":"LineString","coordinates":[[101.7157478,3.1558794],[101.7157617,3.1557129]]}},{"type":"Feature","properties":{"name":"","kind":"footway"},"geometry":{"type":"LineString","coordinates":[[101.7157478,3.1558794],[101.7157062,3.1558767],[101.7156499,3.1558767],[101.7155721,3.1559196],[101.7155411,3.1559854]]}},{"type":"Feature","properties":{"name":"","kind":"footway"},"geometry":{"type":"LineString","coordinates":[[101.7157478,3.1558794],[101.7157893,3.1558821],[101.7158481,3.1558416],[101.7159534,3.1557096]]}},{"type":"Feature","properties":{"name":"","kind":"footway"},"geometry":{"type":"LineString","coordinates":[[101.7157478,3.1558794],[101.7157263,3.1560361],[101.715747,3.1561205],[101.715731,3.1561938],[101.7156904,3.1562742]]}},{"type":"Feature","properties":{"name":"","kind":"footway"},"geometry":{"type":"LineString","coordinates":[[101.7162407,3.1559508],[101.7161403,3.1561319]]}},{"type":"Feature","properties":{"name":"","kind":"footway"},"geometry":{"type":"LineString","coordinates":[[101.7162407,3.1559508],[101.7161648,3.1559222],[101.7160901,3.1558573],[101.7159534,3.1557096]]}},{"type":"Feature","properties":{"name":"","kind":"footway"},"geometry":{"type":"LineString","coordinates":[[101.7162407,3.1559508],[101.7162641,3.1559597],[101.7163285,3.1559678],[101.7163767,3.1559544],[101.7164492,3.1558794],[101.7165564,3.1558124],[101.716772,3.1557083],[101.716789,3.1557001]]}},{"type":"Feature","properties":{"name":"","kind":"service"},"geometry":{"type":"LineString","coordinates":[[101.707928,3.1534023],[101.7079403,3.1534241]]}},{"type":"Feature","properties":{"name":"","kind":"service"},"geometry":{"type":"LineString","coordinates":[[101.707928,3.1534023],[101.7076536,3.1534878],[101.7075449,3.1534872],[101.707503,3.1534666],[101.707471,3.1534307],[101.7073412,3.1531405]]}},{"type":"Feature","properties":{"name":"","kind":"service"},"geometry":{"type":"LineString","coordinates":[[101.707928,3.1534023],[101.7077502,3.1530019],[101.7073412,3.1531405]]}},{"type":"Feature","properties":{"name":"","kind":"service"},"geometry":{"type":"LineString","coordinates":[[101.7073412,3.1531405],[101.707471,3.1534307],[101.707503,3.1534666],[101.7075449,3.1534872],[101.7076536,3.1534878],[101.707928,3.1534023]]}},{"type":"Feature","properties":{"name":"","kind":"service"},"geometry":{"type":"LineString","coordinates":[[101.7073412,3.1531405],[101.7077502,3.1530019],[101.707928,3.1534023]]}},{"type":"Feature","properties":{"name":"","kind":"footway"},"geometry":{"type":"LineString","coordinates":[[101.7078454,3.1559472],[101.7077169,3.1560011]]}},{"type":"Feature","properties":{"name":"","kind":"service"},"geometry":{"type":"LineString","coordinates":[[101.7078454,3.1559472],[101.7078578,3.1559399],[101.708051,3.1558254]]}},{"type":"Feature","properties":{"name":"","kind":"service"},"geometry":{"type":"LineString","coordinates":[[101.7078454,3.1559472],[101.7078453,3.1559664],[101.7078666,3.1560268],[101.7078762,3.1560354],[101.7078954,3.1560386],[101.7080415,3.1559567]]}},{"type":"Feature","properties":{"name":"","kind":"service"},"geometry":{"type":"LineString","coordinates":[[101.7081743,3.1562033],[101.7081855,3.1562011]]}},{"type":"Feature","properties":{"name":["Jalan Law Yew Swee","Jalan Cangkat Perak"],"kind":"residential"},"geometry":{"type":"LineString","coordinates":[[101.7081743,3.1562033],[101.7081945,3.1562564],[101.7082014,3.1563285],[101.7082164,3.1566486]]}},{"type":"Feature","properties":{"name":"Jalan Cangkat Perak","kind":"residential"},"geometry":{"type":"LineString","coordinates":[[101.7081743,3.1562033],[101.7081338,3.1561608],[101.7080816,3.15614]]}},{"type":"Feature","properties":{"name":"","kind":"service"},"geometry":{"type":"LineString","coordinates":[[101.7100059,3.1580045],[101.7101725,3.1580952]]}},{"type":"Feature","properties":{"name":"","kind":"service"},"geometry":{"type":"LineString","coordinates":[[101.7102387,3.1581313],[101.7101725,3.1580952]]}},{"type":"Feature","properties":{"name":"","kind":"service"},"geometry":{"type":"LineString","coordinates":[[101.7102387,3.1581313],[101.7103243,3.1579859]]}},{"type":"Feature","properties":{"name":"","kind":"service"},"geometry":{"type":"LineString","coordinates":[[101.7102387,3.1581313],[101.7102148,3.1581716],[101.710201,3.1581855],[101.7101846,3.158189],[101.7098799,3.1580366]]}},{"type":"Feature","properties":{"name":"","kind":"service"},"geometry":{"type":"LineString","coordinates":[[101.7103243,3.1579859],[101.7102387,3.1581313]]}},{"type":"Feature","properties":{"name":"","kind":"service"},"geometry":{"type":"LineString","coordinates":[[101.7103243,3.1579859],[101.7104421,3.1580487],[101.7104945,3.1580586]]}},{"type":"Feature","properties":{"name":"","kind":"service"},"geometry":{"type":"LineString","coordinates":[[101.7103243,3.1579859],[101.7100203,3.157824],[101.7099923,3.1578294],[101.7098799,3.1580366]]}},{"type":"Feature","properties":{"name":"","kind":"service"},"geometry":{"type":"LineString","coordinates":[[101.7098859,3.1577476],[101.7097592,3.1579293],[101.709756,3.1579463],[101.7097632,3.1579642],[101.7098799,3.1580366]]}},{"type":"Feature","properties":{"name":"","kind":"service"},"geometry":{"type":"LineString","coordinates":[[101.7098799,3.1580366],[101.7099923,3.1578294],[101.7100203,3.157824],[101.7103243,3.1579859]]}},{"type":"Feature","properties":{"name":"","kind":"service"},"geometry":{"type":"LineString","coordinates":[[101.7098799,3.1580366],[101.7097632,3.1579642],[101.709756,3.1579463],[101.7097592,3.1579293],[101.7098859,3.1577476]]}},{"type":"Feature","properties":{"name":"","kind":"service"},"geometry":{"type":"LineString","coordinates":[[101.7098799,3.1580366],[101.7101846,3.158189],[101.710201,3.1581855],[101.7102148,3.1581716],[101.7102387,3.1581313]]}},{"type":"Feature","properties":{"name":"","kind":"service"},"geometry":{"type":"LineString","coordinates":[[101.7088021,3.1579397],[101.7087927,3.1579509],[101.7085214,3.1584094]]}},{"type":"Feature","properties":{"name":"","kind":"service"},"geometry":{"type":"LineString","coordinates":[[101.7088021,3.1579397],[101.7088177,3.1579335],[101.7088348,3.1579335],[101.7089543,3.1580041],[101.7089629,3.1580179],[101.7089615,3.1580297],[101.7086568,3.1584849]]}},{"type":"Feature","properties":{"name":"","kind":"service"},"geometry":{"type":"LineString","coordinates":[[101.7088021,3.1579397],[101.7088198,3.1578828],[101.7088379,3.1578281],[101.7088952,3.1576696],[101.7091786,3.1572191],[101.7091263,3.1571337]]}},{"type":"Feature","properties":{"name":"","kind":"footway"},"geometry":{"type":"LineString","coordinates":[[101.7127188,3.1568092],[101.7126099,3.1569308]]}},{"type":"Feature","properties":{"name":"","kind":"footway"},"geometry":{"type":"LineString","coordinates":[[101.7127188,3.1568092],[101.7127849,3.1568693],[101.7133196,3.156846],[101.7133231,3.1569538]]}},{"type":"Feature","properties":{"name":"","kind":"footway"},"geometry":{"type":"LineString","coordinates":[[101.7127188,3.1568092],[101.7125514,3.1566571],[101.7125572,3.1563797],[101.7125465,3.1561372]]}},{"type":"Feature","properties":{"name":"","kind":"service"},"geometry":{"type":"LineString","coordinates":[[101.7089832,3.1573847],[101.7088104,3.1573531]]}},{"type":"Feature","properties":{"name":"","kind":"service"},"geometry":{"type":"LineString","coordinates":[[101.7134787,3.1579908],[101.714071,3.1577357]]}},{"type":"Feature","properties":{"name":"Persiaran Petronas","kind":"service"},"geometry":{"type":"LineString","coordinates":[[101.7134787,3.1579908],[101.7134877,3.1579476]]}},{"type":"Feature","properties":{"name":"Persiaran Petronas","kind":"service"},"geometry":{"type":"LineString","coordinates":[[101.7134787,3.1579908],[101.7134504,3.1581259],[101.7134099,3.1582745]]}},{"type":"Feature","properties":{"name":"","kind":"service"},"geometry":{"type":"LineString","coordinates":[[101.714071,3.1577357],[101.7134787,3.1579908]]}},{"type":"Feature","properties":{"name":"Persiaran KLCC","kind":"residential"},"geometry":{"type":"LineString","coordinates":[[101.714071,3.1577357],[101.71357,3.1575974]]}},{"type":"Feature","properties":{"name":"Persiaran KLCC","kind":"residential"},"geometry":{"type":"LineString","coordinates":[[101.714071,3.1577357],[101.7144741,3.1578469]]}},{"type":"Feature","properties":{"name":"Persiaran KLCC","kind":"residential"},"geometry":{"type":"LineString","coordinates":[[101.7182534,3.1559679],[101.7182549,3.1558822]]}},{"type":"Feature","properties":{"name":"Lorong Kuda","kind":"tertiary"},"geometry":{"type":"LineString","coordinates":[[101.7182534,3.1559679],[101.7181825,3.1559664]]}},{"type":"Feature","properties":{"name":"Persiaran KLCC","kind":"residential"},"geometry":{"type":"LineString","coordinates":[[101.7182534,3.1559679],[101.7182535,3.1560025],[101.7182567,3.1570534],[101.7182711,3.157486]]}},{"type":"Feature","properties":{"name":"Persiaran KLCC","kind":"residential"},"geometry":{"type":"LineString","coordinates":[[101.7182567,3.155805],[101.7182581,3.1557484]]}},{"type":"Feature","properties":{"name":"Lorong Kuda","kind":"tertiary"},"geometry":{"type":"LineString","coordinates":[[101.7182567,3.155805],[101.7181845,3.1558029]]}},{"type":"Feature","properties":{"name":"Persiaran KLCC","kind":"residential"},"geometry":{"type":"LineString","coordinates":[[101.7182567,3.155805],[101.7182549,3.1558822]]}},{"type":"Feature","properties":{"name":"","kind":"footway"},"geometry":{"type":"LineString","coordinates":[[101.7151241,3.1543133],[101.7151113,3.1544237]]}},{"type":"Feature","properties":{"name":"","kind":"service"},"geometry":{"type":"LineString","coordinates":[[101.7151241,3.1543133],[101.7151653,3.1542906],[101.7152094,3.1542155],[101.7152733,3.1538226],[101.7152435,3.1536666]]}},{"type":"Feature","properties":{"name":"","kind":"service"},"geometry":{"type":"LineString","coordinates":[[101.7151241,3.1543133],[101.7150815,3.1542935],[101.7150602,3.154262],[101.7151817,3.153659]]}},{"type":"Feature","properties":{"name":"","kind":"service"},"geometry":{"type":"LineString","coordinates":[[101.7099326,3.1523323],[101.7098146,3.1523234]]}},{"type":"Feature","properties":{"name":"","kind":"footway"},"geometry":{"type":"LineString","coordinates":[[101.7099326,3.1523323],[101.7098934,3.1523822],[101.7097526,3.1525333]]}},{"type":"Feature","properties":{"name":"","kind":"footway"},"geometry":{"type":"LineString","coordinates":[[101.7099326,3.1523323],[101.7099752,3.1522715],[101.71009,3.152031],[101.7101046,3.1519951]]}},{"type":"Feature","properties":{"name":"","kind":"service"},"geometry":{"type":"LineString","coordinates":[[101.7099326,3.1523323],[101.709991,3.1523367],[101.7100133,3.1523329],[101.7100353,3.1523215],[101.7101911,3.1521072],[101.7101941,3.1520943],[101.7101923,3.1520707],[101.7101046,3.1519951]]}},{"type":"Feature","properties":{"name":"","kind":"service"},"geometry":{"type":"LineString","coordinates":[[101.708142,3.1536771],[101.7080794,3.1536302]]}},{"type":"Feature","properties":{"name":"","kind":"service"},"geometry":{"type":"LineString","coordinates":[[101.708142,3.1536771],[101.7082082,3.1537234]]}},{"type":"Feature","properties":{"name":"","kind":"footway"},"geometry":{"type":"LineString","coordinates":[[101.708142,3.1536771],[101.7080328,3.1537261],[101.7079175,3.1538226],[101.7078943,3.153843]]}},{"type":"Feature","properties":{"name":"","kind":"footway"},"geometry":{"type":"LineString","coordinates":[[101.708142,3.1536771],[101.7083813,3.1535069],[101.708548,3.1533883],[101.7086685,3.153328]]}},{"type":"Feature","properties":{"name":"","kind":"footway"},"geometry":{"type":"LineString","coordinates":[[101.7086685,3.153328],[101.7088234,3.1532558]]}},{"type":"Feature","properties":{"name":"","kind":"service"},"geometry":{"type":"LineString","coordinates":[[101.7086685,3.153328],[101.7086356,3.1532604]]}},{"type":"Feature","properties":{"name":"","kind":"footway"},"geometry":{"type":"LineString","coordinates":[[101.7086685,3.153328],[101.708548,3.1533883],[101.7083813,3.1535069],[101.708142,3.1536771]]}},{"type":"Feature","properties":{"name":"","kind":"service"},"geometry":{"type":"LineString","coordinates":[[101.7086685,3.153328],[101.7086754,3.1533866],[101.7086295,3.1534322],[101.7085309,3.1534756],[101.7082896,3.1536417],[101.7082082,3.1537234]]}},{"type":"Feature","properties":{"name":"","kind":"footway"},"geometry":{"type":"LineString","coordinates":[[101.7088234,3.1532558],[101.7086685,3.153328]]}},{"type":"Feature","properties":{"name":"","kind":"service"},"geometry":{"type":"LineString","coordinates":[[101.7088234,3.1532558],[101.7087953,3.1531871]]}},{"type":"Feature","properties":{"name":"","kind":"footway"},"geometry":{"type":"LineString","coordinates":[[101.7088234,3.1532558],[101.7089897,3.153168],[101.7091499,3.1530648]]}},{"type":"Feature","properties":{"name":"","kind":"service"},"geometry":{"type":"LineString","coordinates":[[101.7088234,3.1532558],[101.7088722,3.1533521],[101.708882,3.1533607],[101.7088965,3.1533616],[101.7091777,3.1531996],[101.7091881,3.1531838],[101.7091877,3.1531691],[101.7091499,3.1530648]]}},{"type":"Feature","properties":{"name":"","kind":"service"},"geometry":{"type":"LineString","coordinates":[[101.7091499,3.1530648],[101.709129,3.1530072]]}},{"type":"Feature","properties":{"name":"","kind":"footway"},"geometry":{"type":"LineString","coordinates":[[101.7091499,3.1530648],[101.7089897,3.153168],[101.7088234,3.1532558]]}},{"type":"Feature","properties":{"name":"","kind":"service"},"geometry":{"type":"LineString","coordinates":[[101.7091499,3.1530648],[101.7091877,3.1531691],[101.7091881,3.1531838],[101.7091777,3.1531996],[101.7088965,3.1533616],[101.708882,3.1533607],[101.7088722,3.1533521],[101.7088234,3.1532558]]}},{"type":"Feature","properties":{"name":"","kind":"footway"},"geometry":{"type":"LineString","coordinates":[[101.7091499,3.1530648],[101.7091836,3.1530434],[101.7092799,3.1529807],[101.7093108,3.1529562]]}},{"type":"Feature","properties":{"name":"","kind":"service"},"geometry":{"type":"LineString","coordinates":[[101.7101046,3.1519951],[101.7100581,3.1519549]]}},{"type":"Feature","properties":{"name":"","kind":"footway"},"geometry":{"type":"LineString","coordinates":[[101.7101046,3.1519951],[101.71009,3.152031],[101.7099752,3.1522715],[101.7099326,3.1523323]]}},{"type":"Feature","properties":{"name":"","kind":"service"},"geometry":{"type":"LineString","coordinates":[[101.7101046,3.1519951],[101.7101923,3.1520707],[101.7101941,3.1520943],[101.7101911,3.1521072],[101.7100353,3.1523215],[101.7100133,3.1523329],[101.709991,3.1523367],[101.7099326,3.1523323]]}},{"type":"Feature","properties":{"name":"","kind":"footway"},"geometry":{"type":"LineString","coordinates":[[101.7101046,3.1519951],[101.7101197,3.1519582],[101.7101208,3.151928],[101.710183,3.1518313],[101.7102284,3.1517407],[101.7104127,3.151381],[101.7104441,3.1512328],[101.7105066,3.1509678]]}},{"type":"Feature","properties":{"name":"","kind":"footway"},"geometry":{"type":"LineString","coordinates":[[101.7115258,3.1559804],[101.7115693,3.1559786]]}},{"type":"Feature","properties":{"name":"","kind":"service"},"geometry":{"type":"LineString","coordinates":[[101.7115258,3.1559804],[101.7115228,3.1559043],[101.7115006,3.1558677],[101.711488,3.1558567]]}},{"type":"Feature","properties":{"name":"","kind":"service"},"geometry":{"type":"LineString","coordinates":[[101.7115258,3.1559804],[101.7115284,3.1560676],[101.7114979,3.1561073],[101.711466,3.1561418],[101.711384,3.1561873]]}},{"type":"Feature","properties":{"name":"","kind":"footway"},"geometry":{"type":"LineString","coordinates":[[101.7115693,3.1559786],[101.7115258,3.1559804]]}},{"type":"Feature","properties":{"name":"","kind":"footway"},"geometry":{"type":"LineString","coordinates":[[101.7115693,3.1559786],[101.7115988,3.1559775],[101.7117595,3.1559698],[101.7119554,3.155962],[101.7119433,3.1556915],[101.7120638,3.1553699]]}},{"type":"Feature","properties":{"name":"","kind":"footway"},"geometry":{"type":"LineString","coordinates":[[101.7115693,3.1559786],[101.7115758,3.1561034],[101.7115803,3.1562321],[101.7118273,3.1562209],[101.7118307,3.1563282]]}},{"type":"Feature","properties":{"name":"","kind":"footway"},"geometry":{"type":"LineString","coordinates":[[101.7118307,3.1563282],[101.712471,3.1562504]]}},{"type":"Feature","properties":{"name":"","kind":"footway"},"geometry":{"type":"LineString","coordinates":[[101.7118307,3.1563282],[101.7115438,3.1563463],[101.7113221,3.1563601]]}},{"type":"Feature","properties":{"name":"","kind":"footway"},"geometry":{"type":"LineString","coordinates":[[101.7118307,3.1563282],[101.7118354,3.1563647],[101.7118458,3.1564999]]}},{"type":"Feature","properties":{"name":"","kind":"footway"},"geometry":{"type":"LineString","coordinates":[[101.7118307,3.1563282],[101.7118273,3.1562209],[101.7115803,3.1562321],[101.7115758,3.1561034],[101.7115693,3.1559786]]}},{"type":"Feature","properties":{"name":"","kind":"footway"},"geometry":{"type":"LineString","coordinates":[[101.7125889,3.1585394],[101.712586,3.1584072],[101.7125834,3.1582996],[101.712578,3.1581524],[101.7125351,3.1579702],[101.7124761,3.1578337],[101.7124685,3.1578244],[101.7124086,3.1577518]]}},{"type":"Feature","properties":{"name":"","kind":"footway"},"geometry":{"type":"LineString","coordinates":[[101.7110071,3.1571829],[101.7110954,3.1571692]]}},{"type":"Feature","properties":{"name":"Persiaran Petronas","kind":"service"},"geometry":{"type":"LineString","coordinates":[[101.7110071,3.1571829],[101.7110062,3.1571016],[101.7110066,3.1570802]]}},{"type":"Feature","properties":{"name":"Persiaran Petronas","kind":"service"},"geometry":{"type":"LineString","coordinates":[[101.7110071,3.1571829],[101.7110079,3.1572585],[101.7110069,3.1573255]]}},{"type":"Feature","properties":{"name":"","kind":"footway"},"geometry":{"type":"LineString","coordinates":[[101.7117147,3.1571742],[101.7116834,3.156694]]}},{"type":"Feature","properties":{"name":"","kind":"footway"},"geometry":{"type":"LineString","coordinates":[[101.7117147,3.1571742],[101.7118351,3.157207],[101.7119611,3.157282],[101.712131,3.157439]]}},{"type":"Feature","properties":{"name":"","kind":"footway"},"geometry":{"type":"LineString","coordinates":[[101.7117147,3.1571742],[101.711658,3.1571588],[101.7114381,3.1571454],[101.711127,3.1571643],[101.7110954,3.1571692]]}},{"type":"Feature","properties":{"name":"","kind":"footway"},"geometry":{"type":"LineString","coordinates":[[101.7118458,3.1564999],[101.7119675,3.1566771]]}},{"type":"Feature","properties":{"name":"","kind":"footway"},"geometry":{"type":"LineString","coordinates":[[101.7118458,3.1564999],[101.7118354,3.1563647],[101.7118307,3.1563282]]}},{"type":"Feature","properties":{"name":"","kind":"footway"},"geometry":{"type":"LineString","coordinates":[[101.7118458,3.1564999],[101.7116715,3.1565107],[101.7116834,3.156694]]}},{"type":"Feature","properties":{"name":"Pedestrian Tunnel KLCC-KL Convention Center","kind":"corridor"},"geometry":{"type":"LineString","coordinates":[[101.7121445,3.1574002],[101.7123286,3.157598],[101.7124681,3.1577694],[101.7125513,3.1579247],[101.7126183,3.1581256],[101.712607,3.1587844]]}},{"type":"Feature","properties":{"name":"Pedestrian Tunnel KLCC-KL Convention Center","kind":"corridor"},"geometry":{"type":"LineString","coordinates":[[101.7121445,3.1574002],[101.712355,3.15717],[101.7119971,3.1566533],[101.7119608,3.1556946],[101.7121582,3.1551441],[101.7121995,3.1550498],[101.7132071,3.1539618]]}},{"type":"Feature","properties":{"name":"","kind":"corridor"},"geometry":{"type":"LineString","coordinates":[[101.7121445,3.1574002],[101.7120075,3.1572651],[101.7118654,3.1571673],[101.7117339,3.1571312],[101.7116669,3.1571151],[101.7114335,3.1571044],[101.7112257,3.1571164]]}},{"type":"Feature","properties":{"name":"Pedestrian Tunnel KLCC-KL Convention Center","kind":"corridor"},"geometry":{"type":"LineString","coordinates":[[101.712607,3.1587844],[101.7126183,3.1581256],[101.7125513,3.1579247],[101.7124681,3.1577694],[101.7123286,3.157598],[101.7121445,3.1574002]]}},{"type":"Feature","properties":{"name":"","kind":"footway"},"geometry":{"type":"LineString","coordinates":[[101.7120774,3.1553314],[101.7121449,3.1551735]]}},{"type":"Feature","properties":{"name":"","kind":"service"},"geometry":{"type":"LineString","coordinates":[[101.7120774,3.1553314],[101.7120876,3.1553367],[101.7121154,3.155341]]}},{"type":"Feature","properties":{"name":"","kind":"service"},"geometry":{"type":"LineString","coordinates":[[101.7120774,3.1553314],[101.7120627,3.1553238],[101.7120432,3.1553037]]}},{"type":"Feature","properties":{"name":"","kind":"footway"},"geometry":{"type":"LineString","coordinates":[[101.7120774,3.1553314],[101.7120694,3.155355],[101.7120638,3.1553699]]}},{"type":"Feature","properties":{"name":"","kind":["footway","steps"]},"geometry":{"type":"LineString","coordinates":[[101.7122077,3.1550542],[101.7121911,3.1550857],[101.7121657,3.155134],[101.7121449,3.1551735]]}},{"type":"Feature","properties":{"name":"","kind":"corridor"},"geometry":{"type":"LineString","coordinates":[[101.7112257,3.1571164],[101.7114335,3.1571044],[101.7116669,3.1571151],[101.7117339,3.1571312],[101.7118654,3.1571673],[101.7120075,3.1572651],[101.7121445,3.1574002]]}},{"type":"Feature","properties":{"name":"","kind":"footway"},"geometry":{"type":"LineString","coordinates":[[101.7116834,3.156694],[101.7117147,3.1571742]]}},{"type":"Feature","properties":{"name":"","kind":"footway"},"geometry":{"type":"LineString","coordinates":[[101.7116834,3.156694],[101.7119675,3.1566771]]}},{"type":"Feature","properties":{"name":"","kind":"footway"},"geometry":{"type":"LineString","coordinates":[[101.7116834,3.156694],[101.7116715,3.1565107],[101.7118458,3.1564999]]}},{"type":"Feature","properties":{"name":"","kind":"footway"},"geometry":{"type":"LineString","coordinates":[[101.7119675,3.1566771],[101.7118458,3.1564999]]}},{"type":"Feature","properties":{"name":"","kind":"footway"},"geometry":{"type":"LineString","coordinates":[[101.7119675,3.1566771],[101.7116834,3.156694]]}},{"type":"Feature","properties":{"name":"","kind":"footway"},"geometry":{"type":"LineString","coordinates":[[101.7119675,3.1566771],[101.7120667,3.1568216],[101.712131,3.157439]]}},{"type":"Feature","properties":{"name":"","kind":"footway"},"geometry":{"type":"LineString","coordinates":[[101.7119675,3.1566771],[101.7122705,3.1566582],[101.7124742,3.1566461]]}},{"type":"Feature","properties":{"name":"","kind":"footway"},"geometry":{"type":"LineString","coordinates":[[101.7124742,3.1566461],[101.712471,3.1562504]]}},{"type":"Feature","properties":{"name":"","kind":"footway"},"geometry":{"type":"LineString","coordinates":[[101.7124742,3.1566461],[101.7124752,3.1567638],[101.7126099,3.1569308]]}},{"type":"Feature","properties":{"name":"","kind":"footway"},"geometry":{"type":"LineString","coordinates":[[101.7124742,3.1566461],[101.7122705,3.1566582],[101.7119675,3.1566771]]}},{"type":"Feature","properties":{"name":"Persiaran KLCC","kind":"residential"},"geometry":{"type":"LineString","coordinates":[[101.7182501,3.1577506],[101.7182068,3.1576665]]}},{"type":"Feature","properties":{"name":"Lorong Kuda","kind":"tertiary"},"geometry":{"type":"LineString","coordinates":[[101.7181825,3.1559664],[101.7182534,3.1559679]]}},{"type":"Feature","properties":{"name":"Persiaran KLCC","kind":"residential"},"geometry":{"type":"LineString","coordinates":[[101.7181825,3.1559664],[101.718184,3.1558794]]}},{"type":"Feature","properties":{"name":"Persiaran KLCC","kind":"residential"},"geometry":{"type":"LineString","coordinates":[[101.7181825,3.1559664],[101.7181827,3.1560035],[101.7181907,3.157495]]}},{"type":"Feature","properties":{"name":"Persiaran KLCC","kind":"residential"},"geometry":{"type":"LineString","coordinates":[[101.7182795,3.1575726],[101.7181961,3.157586]]}},{"type":"Feature","properties":{"name":"Persiaran KLCC","kind":"residential"},"geometry":{"type":"LineString","coordinates":[[101.7182795,3.1575726],[101.7182711,3.157486]]}},{"type":"Feature","properties":{"name":"Persiaran KLCC","kind":"residential"},"geometry":{"type":"LineString","coordinates":[[101.7182795,3.1575726],[101.7182915,3.157653]]}},{"type":"Feature","properties":{"name":"","kind":"service"},"geometry":{"type":"LineString","coordinates":[[101.7086017,3.1543207],[101.7086688,3.1543929]]}},{"type":"Feature","properties":{"name":"","kind":"service"},"geometry":{"type":"LineString","coordinates":[[101.7086017,3.1543207],[101.7085701,3.1542866]]}},{"type":"Feature","properties":{"name":"","kind":"footway"},"geometry":{"type":"LineString","coordinates":[[101.7086017,3.1543207],[101.7087838,3.1541634]]}},{"type":"Feature","properties":{"name":"","kind":"footway"},"geometry":{"type":"LineString","coordinates":[[101.7086017,3.1543207],[101.7085478,3.1543727]]}},{"type":"Feature","properties":{"name":"","kind":"footway"},"geometry":{"type":"LineString","coordinates":[[101.7115549,3.1527263],[101.711478,3.1527032],[101.7114073,3.1526894],[101.7112919,3.1527278],[101.7111597,3.1527831],[101.7110382,3.1528461],[101.7101105,3.1533458]]}},{"type":"Feature","properties":{"name":"","kind":"footway"},"geometry":{"type":"LineString","coordinates":[[101.7116611,3.1527677],[101.7116982,3.1527258]]}},{"type":"Feature","properties":{"name":"","kind":"service"},"geometry":{"type":"LineString","coordinates":[[101.7085478,3.1543727],[101.7085104,3.1543363]]}},{"type":"Feature","properties":{"name":"","kind":"footway"},"geometry":{"type":"LineString","coordinates":[[101.7085478,3.1543727],[101.7086017,3.1543207]]}},{"type":"Feature","properties":{"name":"","kind":"service"},"geometry":{"type":"LineString","coordinates":[[101.7085478,3.1543727],[101.7085916,3.1544154],[101.7091939,3.1550018],[101.7090987,3.1550889]]}},{"type":"Feature","properties":{"name":"","kind":"footway"},"geometry":{"type":"LineString","coordinates":[[101.7085478,3.1543727],[101.7084142,3.1545016],[101.7083922,3.1545687],[101.708388,3.1545922],[101.7083769,3.1546558],[101.7083852,3.1547419],[101.7084184,3.1548107],[101.7084562,3.1548598]]}},{"type":"Feature","properties":{"name":"","kind":"service"},"geometry":{"type":"LineString","coordinates":[[101.7087838,3.1541634],[101.7087438,3.1541236]]}},{"type":"Feature","properties":{"name":"","kind":"service"},"geometry":{"type":"LineString","coordinates":[[101.7087838,3.1541634],[101.7088494,3.1542286]]}},{"type":"Feature","properties":{"name":"","kind":"footway"},"geometry":{"type":"LineString","coordinates":[[101.7087838,3.1541634],[101.7089489,3.1540208]]}},{"type":"Feature","properties":{"name":"","kind":"footway"},"geometry":{"type":"LineString","coordinates":[[101.7087838,3.1541634],[101.7086017,3.1543207]]}},{"type":"Feature","properties":{"name":"","kind":"service"},"geometry":{"type":"LineString","coordinates":[[101.7098359,3.1534612],[101.7098531,3.1534856]]}},{"type":"Feature","properties":{"name":"","kind":"service"},"geometry":{"type":"LineString","coordinates":[[101.7098359,3.1534612],[101.7100876,3.1533127]]}},{"type":"Feature","properties":{"name":"","kind":"service"},"geometry":{"type":"LineString","coordinates":[[101.7098359,3.1534612],[101.7096676,3.1535605],[101.7095799,3.153558]]}},{"type":"Feature","properties":{"name":"KL City Walk","kind":"footway"},"geometry":{"type":"LineString","coordinates":[[101.7117189,3.1528315],[101.7116114,3.1529311]]}},{"type":"Feature","properties":{"name":"","kind":"footway"},"geometry":{"type":"LineString","coordinates":[[101.7180637,3.1569891],[101.7181173,3.1569877],[101.7181212,3.157218],[101.7181265,3.1572659],[101.7181366,3.1573051],[101.7181334,3.1575016]]}},{"type":"Feature","properties":{"name":"","kind":"residential"},"geometry":{"type":"LineString","coordinates":[[101.712053,3.1531654],[101.7120554,3.1531453],[101.7120571,3.1531299],[101.7120527,3.1531112],[101.7120346,3.1530844],[101.7117702,3.152784],[101.7116982,3.1527258]]}},{"type":"Feature","properties":{"name":"Jalan Pinang","kind":"tertiary"},"geometry":{"type":"LineString","coordinates":[[101.712053,3.1531654],[101.7121183,3.1531272],[101.7122106,3.1530837]]}},{"type":"Feature","properties":{"name":"Jalan Pinang","kind":"tertiary"},"geometry":{"type":"LineString","coordinates":[[101.712053,3.1531654],[101.7120247,3.1531834],[101.7119516,3.1532469]]}},{"type":"Feature","properties":{"name":"","kind":"footway"},"geometry":{"type":"LineString","coordinates":[[101.7073333,3.1544408],[101.7075489,3.1542396],[101.7076773,3.1541241],[101.7077924,3.154244],[101.7080828,3.1545506],[101.7081494,3.1546188]]}},{"type":"Feature","properties":{"name":"","kind":"footway"},"geometry":{"type":"LineString","coordinates":[[101.7183492,3.1518384],[101.718095,3.1519668],[101.7180827,3.1519998],[101.7178876,3.1521121],[101.7178535,3.1521164]]}},{"type":"Feature","properties":{"name":"","kind":"footway"},"geometry":{"type":"LineString","coordinates":[[101.7157221,3.1573926],[101.7156939,3.1575011]]}},{"type":"Feature","properties":{"name":"","kind":"footway"},"geometry":{"type":"LineString","coordinates":[[101.7157221,3.1573926],[101.7156727,3.157374],[101.7156306,3.1574795],[101.7156939,3.1575011]]}},{"type":"Feature","properties":{"name":"","kind":"footway"},"geometry":{"type":"LineString","coordinates":[[101.7157221,3.1573926],[101.715765,3.157243],[101.7157569,3.1572007],[101.7157811,3.1571176],[101.7158272,3.1570561],[101.7157599,3.1569779]]}},{"type":"Feature","properties":{"name":"","kind":"footway"},"geometry":{"type":"LineString","coordinates":[[101.7178535,3.1521164],[101.7178903,3.1521942]]}},{"type":"Feature","properties":{"name":"","kind":"footway"},"geometry":{"type":"LineString","coordinates":[[101.7178535,3.1521164],[101.7177995,3.1521472]]}},{"type":"Feature","properties":{"name":"","kind":"footway"},"geometry":{"type":"LineString","coordinates":[[101.7178535,3.1521164],[101.7177979,3.1520666],[101.7175932,3.1516548]]}},{"type":"Feature","properties":{"name":"","kind":"footway"},"geometry":{"type":"LineString","coordinates":[[101.7178535,3.1521164],[101.7178876,3.1521121],[101.7180827,3.1519998],[101.718095,3.1519668],[101.7183492,3.1518384]]}},{"type":"Feature","properties":{"name":"","kind":"service"},"geometry":{"type":"LineString","coordinates":[[101.7184225,3.1519129],[101.7184572,3.1519833]]}},{"type":"Feature","properties":{"name":"Jalan Kia Peng","kind":"tertiary"},"geometry":{"type":"LineString","coordinates":[[101.7184225,3.1519129],[101.7178903,3.1521942]]}},{"type":"Feature","properties":{"name":"","kind":"service"},"geometry":{"type":"LineString","coordinates":[[101.7184572,3.1519833],[101.7184225,3.1519129]]}},{"type":"Feature","properties":{"name":"","kind":"footway"},"geometry":{"type":"LineString","coordinates":[[101.7184572,3.1519833],[101.718194,3.1521293],[101.7179645,3.1522645],[101.7179312,3.1522842]]}},{"type":"Feature","properties":{"name":"Persiaran KLCC","kind":"residential"},"geometry":{"type":"LineString","coordinates":[[101.7181961,3.157586],[101.7182795,3.1575726]]}},{"type":"Feature","properties":{"name":"Persiaran KLCC","kind":"residential"},"geometry":{"type":"LineString","coordinates":[[101.7181961,3.157586],[101.7182068,3.1576665]]}},{"type":"Feature","properties":{"name":"Persiaran KLCC","kind":"residential"},"geometry":{"type":"LineString","coordinates":[[101.7181961,3.157586],[101.7181448,3.1575968]]}},{"type":"Feature","properties":{"name":"Persiaran KLCC","kind":"residential"},"geometry":{"type":"LineString","coordinates":[[101.7181961,3.157586],[101.7181939,3.1575495],[101.7181907,3.157495]]}},{"type":"Feature","properties":{"name":"","kind":"footway"},"geometry":{"type":"LineString","coordinates":[[101.7181334,3.1575016],[101.7181448,3.1575968]]}},{"type":"Feature","properties":{"name":"","kind":"footway"},"geometry":{"type":"LineString","coordinates":[[101.7181334,3.1575016],[101.7181907,3.157495]]}},{"type":"Feature","properties":{"name":"","kind":"footway"},"geometry":{"type":"LineString","coordinates":[[101.7181334,3.1575016],[101.7180666,3.1575525],[101.7179139,3.1576011],[101.7174666,3.1576489],[101.7173089,3.1576506],[101.7172873,3.1576437],[101.7172706,3.157632],[101.7172615,3.1576543],[101.7172604,3.1576785]]}},{"type":"Feature","properties":{"name":"","kind":"footway"},"geometry":{"type":"LineString","coordinates":[[101.7181334,3.1575016],[101.7181366,3.1573051],[101.7181265,3.1572659],[101.7181212,3.157218],[101.7181173,3.1569877],[101.7180637,3.1569891]]}},{"type":"Feature","properties":{"name":"","kind":"footway"},"geometry":{"type":"LineString","coordinates":[[101.7181448,3.1575968],[101.7181534,3.157673]]}},{"type":"Feature","properties":{"name":"","kind":"footway"},"geometry":{"type":"LineString","coordinates":[[101.7181448,3.1575968],[101.7181334,3.1575016]]}},{"type":"Feature","properties":{"name":"Persiaran KLCC","kind":"residential"},"geometry":{"type":"LineString","coordinates":[[101.7181448,3.1575968],[101.7181961,3.157586]]}},{"type":"Feature","properties":{"name":"Persiaran KLCC","kind":"residential"},"geometry":{"type":"LineString","coordinates":[[101.7181448,3.1575968],[101.7179664,3.15763],[101.7177908,3.1576599]]}},{"type":"Feature","properties":{"name":"Persiaran KLCC","kind":"residential"},"geometry":{"type":"LineString","coordinates":[[101.7182711,3.157486],[101.7182795,3.1575726]]}},{"type":"Feature","properties":{"name":"","kind":"footway"},"geometry":{"type":"LineString","coordinates":[[101.7182711,3.157486],[101.7181907,3.157495]]}},{"type":"Feature","properties":{"name":"Persiaran KLCC","kind":"residential"},"geometry":{"type":"LineString","coordinates":[[101.7182711,3.157486],[101.7182567,3.1570534],[101.7182535,3.1560025],[101.7182534,3.1559679]]}},{"type":"Feature","properties":{"name":"Persiaran KLCC","kind":"residential"},"geometry":{"type":"LineString","coordinates":[[101.7181845,3.1558029],[101.7181849,3.1557486]]}},{"type":"Feature","properties":{"name":"Persiaran KLCC","kind":"residential"},"geometry":{"type":"LineString","coordinates":[[101.7181845,3.1558029],[101.718184,3.1558794]]}},{"type":"Feature","properties":{"name":"Lorong Kuda","kind":"tertiary"},"geometry":{"type":"LineString","coordinates":[[101.7181845,3.1558029],[101.7182567,3.155805]]}},{"type":"Feature","properties":{"name":"Persiaran KLCC","kind":"residential"},"geometry":{"type":"LineString","coordinates":[[101.7181849,3.1557486],[101.7181845,3.1558029]]}},{"type":"Feature","properties":{"name":"","kind":"footway"},"geometry":{"type":"LineString","coordinates":[[101.7181849,3.1557486],[101.7182581,3.1557484]]}},{"type":"Feature","properties":{"name":"Persiaran KLCC","kind":"residential"},"geometry":{"type":"LineString","coordinates":[[101.7181849,3.1557486],[101.7181853,3.1556785],[101.7181902,3.1551101]]}},{"type":"Feature","properties":{"name":"","kind":"footway"},"geometry":{"type":"LineString","coordinates":[[101.7181849,3.1557486],[101.7181245,3.1557489],[101.7181277,3.1551094]]}},{"type":"Feature","properties":{"name":"Persiaran KLCC","kind":"residential"},"geometry":{"type":"LineString","coordinates":[[101.7182581,3.1557484],[101.7182567,3.155805]]}},{"type":"Feature","properties":{"name":"","kind":"footway"},"geometry":{"type":"LineString","coordinates":[[101.7182581,3.1557484],[101.7181849,3.1557486]]}},{"type":"Feature","properties":{"name":"Persiaran KLCC","kind":"residential"},"geometry":{"type":"LineString","coordinates":[[101.7182549,3.1558822],[101.7182534,3.1559679]]}},{"type":"Feature","properties":{"name":"Persiaran KLCC","kind":"residential"},"geometry":{"type":"LineString","coordinates":[[101.7182549,3.1558822],[101.7182567,3.155805]]}},{"type":"Feature","properties":{"name":"","kind":"tertiary"},"geometry":{"type":"LineString","coordinates":[[101.7182549,3.1558822],[101.718184,3.1558794]]}},{"type":"Feature","properties":{"name":"Persiaran KLCC","kind":"residential"},"geometry":{"type":"LineString","coordinates":[[101.718184,3.1558794],[101.7181825,3.1559664]]}},{"type":"Feature","properties":{"name":"Persiaran KLCC","kind":"residential"},"geometry":{"type":"LineString","coordinates":[[101.718184,3.1558794],[101.7181845,3.1558029]]}},{"type":"Feature","properties":{"name":"","kind":"tertiary"},"geometry":{"type":"LineString","coordinates":[[101.718184,3.1558794],[101.7182549,3.1558822]]}},{"type":"Feature","properties":{"name":"","kind":"footway"},"geometry":{"type":"LineString","coordinates":[[101.7166275,3.1576099],[101.7166785,3.157604],[101.7167522,3.1576207],[101.716815,3.1576334],[101.7169216,3.1576668]]}},{"type":"Feature","properties":{"name":"","kind":"footway"},"geometry":{"type":"LineString","coordinates":[[101.7172554,3.1577694],[101.7172604,3.1576785]]}},{"type":"Feature","properties":{"name":"","kind":"footway"},"geometry":{"type":"LineString","coordinates":[[101.7172554,3.1577694],[101.7174267,3.1577783],[101.7179085,3.1577582],[101.718164,3.157767],[101.7181534,3.157673]]}},{"type":"Feature","properties":{"name":"","kind":"footway"},"geometry":{"type":"LineString","coordinates":[[101.7172554,3.1577694],[101.7171536,3.1577485],[101.7171272,3.1577391]]}},{"type":"Feature","properties":{"name":"","kind":"service"},"geometry":{"type":"LineString","coordinates":[[101.7169216,3.1576668],[101.7168999,3.157746]]}},{"type":"Feature","properties":{"name":"","kind":"service"},"geometry":{"type":"LineString","coordinates":[[101.7169216,3.1576668],[101.7169223,3.1576643],[101.7169503,3.1575871]]}},{"type":"Feature","properties":{"name":"","kind":"footway"},"geometry":{"type":"LineString","coordinates":[[101.7169216,3.1576668],[101.7169465,3.1576746],[101.7171272,3.1577391]]}},{"type":"Feature","properties":{"name":"","kind":"footway"},"geometry":{"type":"LineString","coordinates":[[101.7169216,3.1576668],[101.716815,3.1576334],[101.7167522,3.1576207],[101.7166785,3.157604],[101.7166275,3.1576099]]}},{"type":"Feature","properties":{"name":"","kind":"service"},"geometry":{"type":"LineString","coordinates":[[101.7171272,3.1577391],[101.7170943,3.1578108]]}},{"type":"Feature","properties":{"name":"","kind":"service"},"geometry":{"type":"LineString","coordinates":[[101.7171272,3.1577391],[101.7171324,3.1577277],[101.7171483,3.1576407]]}},{"type":"Feature","properties":{"name":"","kind":"footway"},"geometry":{"type":"LineString","coordinates":[[101.7171272,3.1577391],[101.7171536,3.1577485],[101.7172554,3.1577694]]}},{"type":"Feature","properties":{"name":"","kind":"footway"},"geometry":{"type":"LineString","coordinates":[[101.7171272,3.1577391],[101.7169465,3.1576746],[101.7169216,3.1576668]]}},{"type":"Feature","properties":{"name":"Persiaran KLCC","kind":"residential"},"geometry":{"type":"LineString","coordinates":[[101.7182915,3.157653],[101.7182795,3.1575726]]}},{"type":"Feature","properties":{"name":"Persiaran KLCC","kind":"residential"},"geometry":{"type":"LineString","coordinates":[[101.7182915,3.157653],[101.7182068,3.1576665]]}},{"type":"Feature","properties":{"name":"","kind":"footway"},"geometry":{"type":"LineString","coordinates":[[101.7181534,3.157673],[101.7181448,3.1575968]]}},{"type":"Feature","properties":{"name":"Persiaran KLCC","kind":"residential"},"geometry":{"type":"LineString","coordinates":[[101.7181534,3.157673],[101.7181801,3.1576698],[101.7182068,3.1576665]]}},{"type":"Feature","properties":{"name":"Persiaran KLCC","kind":"residential"},"geometry":{"type":"LineString","coordinates":[[101.7181534,3.157673],[101.7179737,3.1576937],[101.7177908,3.1576599]]}},{"type":"Feature","properties":{"name":"","kind":"footway"},"geometry":{"type":"LineString","coordinates":[[101.7181534,3.157673],[101.718164,3.157767],[101.7179085,3.1577582],[101.7174267,3.1577783],[101.7172554,3.1577694]]}},{"type":"Feature","properties":{"name":"","kind":"service"},"geometry":{"type":"LineString","coordinates":[[101.7082108,3.156196],[101.7081966,3.156199],[101.7081855,3.1562011]]}},{"type":"Feature","properties":{"name":"","kind":"service"},"geometry":{"type":"LineString","coordinates":[[101.7081855,3.1562011],[101.7081743,3.1562033]]}},{"type":"Feature","properties":{"name":"","kind":"service"},"geometry":{"type":"LineString","coordinates":[[101.7081855,3.1562011],[101.7081966,3.156199],[101.7082108,3.156196]]}},{"type":"Feature","properties":{"name":"","kind":"service"},"geometry":{"type":"LineString","coordinates":[[101.7081855,3.1562011],[101.7081827,3.156183],[101.7081509,3.1559779]]}},{"type":"Feature","properties":{"name":"","kind":"service"},"geometry":{"type":"LineString","coordinates":[[101.7081509,3.1559779],[101.7081827,3.156183],[101.7081855,3.1562011]]}},{"type":"Feature","properties":{"name":"Jalan Pinang","kind":"tertiary"},"geometry":{"type":"LineString","coordinates":[[101.7122106,3.1530837],[101.7123595,3.1530136]]}},{"type":"Feature","properties":{"name":"","kind":"residential"},"geometry":{"type":"LineString","coordinates":[[101.7122106,3.1530837],[101.7121446,3.1530834],[101.712099,3.1530784],[101.7120812,3.1530723],[101.7120599,3.1530613],[101.7119984,3.1530044],[101.711795,3.1527706],[101.7117295,3.1526917]]}},{"type":"Feature","properties":{"name":"Jalan Pinang","kind":"tertiary"},"geometry":{"type":"LineString","coordinates":[[101.7122106,3.1530837],[101.7121183,3.1531272],[101.712053,3.1531654]]}},{"type":"Feature","properties":{"name":"Jalan Pinang","kind":"tertiary"},"geometry":{"type":"LineString","coordinates":[[101.7101765,3.1558775],[101.7103191,3.1556914]]}},{"type":"Feature","properties":{"name":"Jalan Pinang","kind":"tertiary"},"geometry":{"type":"LineString","coordinates":[[101.7101765,3.1558775],[101.7101507,3.1559089]]}},{"type":"Feature","properties":{"name":"","kind":"service"},"geometry":{"type":"LineString","coordinates":[[101.7101765,3.1558775],[101.7101322,3.1558412]]}},{"type":"Feature","properties":{"name":"","kind":"service"},"geometry":{"type":"LineString","coordinates":[[101.7101725,3.1580952],[101.7100059,3.1580045]]}},{"type":"Feature","properties":{"name":"","kind":"service"},"geometry":{"type":"LineString","coordinates":[[101.7101725,3.1580952],[101.7102387,3.1581313]]}},{"type":"Feature","properties":{"name":"","kind":"service"},"geometry":{"type":"LineString","coordinates":[[101.7101725,3.1580952],[101.7101826,3.15804],[101.7101772,3.1580165],[101.7101625,3.1580025],[101.7100532,3.1579395]]}},{"type":"Feature","properties":{"name":"","kind":"service"},"geometry":{"type":"LineString","coordinates":[[101.7100532,3.1579395],[101.7101625,3.1580025],[101.7101772,3.1580165],[101.7101826,3.15804],[101.7101725,3.1580952]]}},{"type":"Feature","properties":{"name":"","kind":"service"},"geometry":{"type":"LineString","coordinates":[[101.709653,3.1535141],[101.7095733,3.1533499]]}},{"type":"Feature","properties":{"name":"Jalan Perak","kind":"tertiary"},"geometry":{"type":"LineString","coordinates":[[101.709653,3.1535141],[101.7095799,3.153558]]}},{"type":"Feature","properties":{"name":"Jalan Perak","kind":"tertiary"},"geometry":{"type":"LineString","coordinates":[[101.709653,3.1535141],[101.7097312,3.1534707],[101.7097592,3.1534551],[101.7100462,3.1532927],[101.710181,3.153211],[101.7104972,3.1530192],[101.7105485,3.1529849]]}},{"type":"Feature","properties":{"name":"","kind":"service"},"geometry":{"type":"LineString","coordinates":[[101.7095733,3.1533499],[101.709653,3.1535141]]}},{"type":"Feature","properties":{"name":"","kind":"footway"},"geometry":{"type":"LineString","coordinates":[[101.7181907,3.157495],[101.7181334,3.1575016]]}},{"type":"Feature","properties":{"name":"","kind":"footway"},"geometry":{"type":"LineString","coordinates":[[101.7181907,3.157495],[101.7182711,3.157486]]}},{"type":"Feature","properties":{"name":"Persiaran KLCC","kind":"residential"},"geometry":{"type":"LineString","coordinates":[[101.7181907,3.157495],[101.7181939,3.1575495],[101.7181961,3.157586]]}},{"type":"Feature","properties":{"name":"Persiaran KLCC","kind":"residential"},"geometry":{"type":"LineString","coordinates":[[101.7181907,3.157495],[101.7181827,3.1560035],[101.7181825,3.1559664]]}},{"type":"Feature","properties":{"name":"Persiaran KLCC","kind":"residential"},"geometry":{"type":"LineString","coordinates":[[101.7176853,3.1542718],[101.7179773,3.1543598]]}},{"type":"Feature","properties":{"name":"","kind":"service"},"geometry":{"type":"LineString","coordinates":[[101.7176853,3.1542718],[101.7177205,3.1543359]]}},{"type":"Feature","properties":{"name":"Persiaran KLCC","kind":"residential"},"geometry":{"type":"LineString","coordinates":[[101.7176853,3.1542718],[101.7173683,3.1541763],[101.7173365,3.1541673],[101.7166859,3.1539835]]}},{"type":"Feature","properties":{"name":"","kind":"service"},"geometry":{"type":"LineString","coordinates":[[101.7177391,3.1543697],[101.7177205,3.1543359]]}},{"type":"Feature","properties":{"name":"","kind":"service"},"geometry":{"type":"LineString","coordinates":[[101.7092341,3.1529344],[101.7093108,3.1529562]]}},{"type":"Feature","properties":{"name":"Jalan Sultan Ismail","kind":"secondary"},"geometry":{"type":"LineString","coordinates":[[101.7092341,3.1529344],[101.709316,3.152872],[101.7094158,3.1527709],[101.7095064,3.1526688],[101.7097299,3.1524183]]}},{"type":"Feature","properties":{"name":"Jalan Sultan Ismail","kind":"secondary"},"geometry":{"type":"LineString","coordinates":[[101.7092341,3.1529344],[101.7092096,3.1529531],[101.709129,3.1530072]]}},{"type":"Feature","properties":{"name":"","kind":"service"},"geometry":{"type":"LineString","coordinates":[[101.7093108,3.1529562],[101.7092341,3.1529344]]}},{"type":"Feature","properties":{"name":"","kind":"footway"},"geometry":{"type":"LineString","coordinates":[[101.7093108,3.1529562],[101.7092799,3.1529807],[101.7091836,3.1530434],[101.7091499,3.1530648]]}},{"type":"Feature","properties":{"name":"","kind":"footway"},"geometry":{"type":"LineString","coordinates":[[101.7093108,3.1529562],[101.709392,3.1528918],[101.709555,3.1527453],[101.7097526,3.1525333]]}},{"type":"Feature","properties":{"name":"","kind":"service"},"geometry":{"type":"LineString","coordinates":[[101.7093108,3.1529562],[101.7094891,3.1529395],[101.7097533,3.1527717],[101.7097526,3.1525333]]}},{"type":"Feature","properties":{"name":"","kind":"service"},"geometry":{"type":"LineString","coordinates":[[101.7097526,3.1525333],[101.7097299,3.1524183]]}},{"type":"Feature","properties":{"name":"","kind":"footway"},"geometry":{"type":"LineString","coordinates":[[101.7097526,3.1525333],[101.709555,3.1527453],[101.709392,3.1528918],[101.7093108,3.1529562]]}},{"type":"Feature","properties":{"name":"","kind":"service"},"geometry":{"type":"LineString","coordinates":[[101.7097526,3.1525333],[101.7097533,3.1527717],[101.7094891,3.1529395],[101.7093108,3.1529562]]}},{"type":"Feature","properties":{"name":"","kind":"footway"},"geometry":{"type":"LineString","coordinates":[[101.7097526,3.1525333],[101.7098934,3.1523822],[101.7099326,3.1523323]]}},{"type":"Feature","properties":{"name":"Jalan Sultan Ismail","kind":"secondary"},"geometry":{"type":"LineString","coordinates":[[101.7097299,3.1524183],[101.7098146,3.1523234]]}},{"type":"Feature","properties":{"name":"","kind":"service"},"geometry":{"type":"LineString","coordinates":[[101.7097299,3.1524183],[101.7097526,3.1525333]]}},{"type":"Feature","properties":{"name":"Jalan Sultan Ismail","kind":"secondary"},"geometry":{"type":"LineString","coordinates":[[101.7097299,3.1524183],[101.7095064,3.1526688],[101.7094158,3.1527709],[101.709316,3.152872],[101.7092341,3.1529344]]}},{"type":"Feature","properties":{"name":"","kind":"service"},"geometry":{"type":"LineString","coordinates":[[101.7085214,3.1584094],[101.7087927,3.1579509],[101.7088021,3.1579397]]}},{"type":"Feature","properties":{"name":"","kind":"footway"},"geometry":{"type":"LineString","coordinates":[[101.7085214,3.1584094],[101.7085367,3.1584181],[101.7086568,3.1584849]]}},{"type":"Feature","properties":{"name":"","kind":"service"},"geometry":{"type":"LineString","coordinates":[[101.7086568,3.1584849],[101.7089615,3.1580297],[101.7089629,3.1580179],[101.7089543,3.1580041],[101.7088348,3.1579335],[101.7088177,3.1579335],[101.7088021,3.1579397]]}},{"type":"Feature","properties":{"name":"","kind":"footway"},"geometry":{"type":"LineString","coordinates":[[101.7086568,3.1584849],[101.7085367,3.1584181],[101.7085214,3.1584094]]}},{"type":"Feature","properties":{"name":"Jalan Changkat Perak","kind":"residential"},"geometry":{"type":"LineString","coordinates":[[101.7081494,3.1546188],[101.708058,3.1546947]]}},{"type":"Feature","properties":{"name":"Jalan Changkat Perak","kind":"residential"},"geometry":{"type":"LineString","coordinates":[[101.7081494,3.1546188],[101.7081679,3.1546035]]}},{"type":"Feature","properties":{"name":"","kind":"footway"},"geometry":{"type":"LineString","coordinates":[[101.7081494,3.1546188],[101.7082047,3.1546809]]}},{"type":"Feature","properties":{"name":"","kind":"footway"},"geometry":{"type":"LineString","coordinates":[[101.7081494,3.1546188],[101.7080828,3.1545506],[101.7077924,3.154244],[101.7076773,3.1541241],[101.7075489,3.1542396],[101.7073333,3.1544408]]}},{"type":"Feature","properties":{"name":"","kind":"service"},"geometry":{"type":"LineString","coordinates":[[101.7090665,3.1556501],[101.7090819,3.1556351]]}},{"type":"Feature","properties":{"name":"","kind":"service"},"geometry":{"type":"LineString","coordinates":[[101.7090665,3.1556501],[101.7089837,3.1557308],[101.7089412,3.1557667]]}},{"type":"Feature","properties":{"name":"","kind":"footway"},"geometry":{"type":"LineString","coordinates":[[101.7090665,3.1556501],[101.708872,3.1554405],[101.7087987,3.1553555],[101.7085937,3.1551178],[101.7085783,3.1551005]]}},{"type":"Feature","properties":{"name":"","kind":"footway"},"geometry":{"type":"LineString","coordinates":[[101.7090665,3.1556501],[101.7093817,3.1559189],[101.7096469,3.1561588]]}},{"type":"Feature","properties":{"name":"","kind":"footway"},"geometry":{"type":"LineString","coordinates":[[101.7096469,3.1561588],[101.7096836,3.1561886]]}},{"type":"Feature","properties":{"name":"","kind":"footway"},"geometry":{"type":"LineString","coordinates":[[101.7096469,3.1561588],[101.7096769,3.1561242]]}},{"type":"Feature","properties":{"name":"","kind":"footway"},"geometry":{"type":"LineString","coordinates":[[101.7096469,3.1561588],[101.7093817,3.1559189],[101.7090665,3.1556501]]}},{"type":"Feature","properties":{"name":"Jalan Law Yew Swee","kind":"residential"},"geometry":{"type":"LineString","coordinates":[[101.7096836,3.1561886],[101.7097076,3.1561495]]}},{"type":"Feature","properties":{"name":"","kind":"footway"},"geometry":{"type":"LineString","coordinates":[[101.7096836,3.1561886],[101.7097972,3.1563078]]}},{"type":"Feature","properties":{"name":"","kind":"footway"},"geometry":{"type":"LineString","coordinates":[[101.7096836,3.1561886],[101.7096469,3.1561588]]}},{"type":"Feature","properties":{"name":"Jalan Law Yew Swee","kind":"residential"},"geometry":{"type":"LineString","coordinates":[[101.7096836,3.1561886],[101.7096441,3.156253],[101.7096173,3.1563434]]}},{"type":"Feature","properties":{"name":"Jalan Law Yew Swee","kind":"residential"},"geometry":{"type":"LineString","coordinates":[[101.7097972,3.1563078],[101.7098505,3.1562985]]}},{"type":"Feature","properties":{"name":"","kind":"footway"},"geometry":{"type":"LineString","coordinates":[[101.7097972,3.1563078],[101.7096836,3.1561886]]}},{"type":"Feature","properties":{"name":"Jalan Law Yew Swee","kind":"residential"},"geometry":{"type":"LineString","coordinates":[[101.7097972,3.1563078],[101.7096964,3.1563253],[101.7096173,3.1563434]]}},{"type":"Feature","properties":{"name":"","kind":"footway"},"geometry":{"type":"LineString","coordinates":[[101.7097972,3.1563078],[101.7098311,3.1563399],[101.7098519,3.1563585]]}},{"type":"Feature","properties":{"name":"","kind":"footway"},"geometry":{"type":"LineString","coordinates":[[101.71001,3.1565029],[101.7098519,3.1563585]]}},{"type":"Feature","properties":{"name":"","kind":"service"},"geometry":{"type":"LineString","coordinates":[[101.71001,3.1565029],[101.710036,3.1564711]]}},{"type":"Feature","properties":{"name":"","kind":"footway"},"geometry":{"type":"LineString","coordinates":[[101.71001,3.1565029],[101.7104574,3.1568861],[101.710576,3.1570121],[101.7106066,3.1571582],[101.7105951,3.1572918],[101.7105492,3.1577033],[101.7104945,3.1580586]]}},{"type":"Feature","properties":{"name":"","kind":"service"},"geometry":{"type":"LineString","coordinates":[[101.71001,3.1565029],[101.7098131,3.1567899],[101.7096817,3.1569747],[101.7094436,3.1573001]]}},{"type":"Feature","properties":{"name":"","kind":"service"},"geometry":{"type":"LineString","coordinates":[[101.7104945,3.1580586],[101.7105169,3.1580629]]}},{"type":"Feature","properties":{"name":"","kind":"service"},"geometry":{"type":"LineString","coordinates":[[101.7104945,3.1580586],[101.7104421,3.1580487],[101.7103243,3.1579859]]}},{"type":"Feature","properties":{"name":"","kind":"footway"},"geometry":{"type":"LineString","coordinates":[[101.7104945,3.1580586],[101.7105492,3.1577033],[101.7105951,3.1572918],[101.7106066,3.1571582],[101.710576,3.1570121],[101.7104574,3.1568861],[101.71001,3.1565029]]}},{"type":"Feature","properties":{"name":"Jalan P. Ramlee","kind":"tertiary"},"geometry":{"type":"LineString","coordinates":[[101.7106385,3.1581372],[101.7106526,3.1580249],[101.7107503,3.1573105],[101.7107505,3.1571961],[101.7107434,3.157087]]}},{"type":"Feature","properties":{"name":"Persiaran Petronas","kind":"service"},"geometry":{"type":"LineString","coordinates":[[101.7107796,3.1582204],[101.7107936,3.1580823],[101.7108677,3.1573216]]}},{"type":"Feature","properties":{"name":"","kind":"footway"},"geometry":{"type":"LineString","coordinates":[[101.7107796,3.1582204],[101.7109239,3.1581952],[101.7109779,3.1580369],[101.7109966,3.1580328]]}},{"type":"Feature","properties":{"name":"","kind":"service"},"geometry":{"type":"LineString","coordinates":[[101.7089006,3.1570609],[101.7087912,3.1565837]]}},{"type":"Feature","properties":{"name":"Jalan Law Yew Swee","kind":"residential"},"geometry":{"type":"LineString","coordinates":[[101.7089006,3.1570609],[101.70904,3.1570966],[101.7090815,3.1570979],[101.7091218,3.1570886],[101.7091522,3.157071]]}},{"type":"Feature","properties":{"name":"Jalan Law Yew Swee","kind":"residential"},"geometry":{"type":"LineString","coordinates":[[101.7089006,3.1570609],[101.7082693,3.156905],[101.7082435,3.1568771],[101.7082251,3.1568348],[101.7082164,3.1566486]]}},{"type":"Feature","properties":{"name":"Persiaran KLCC","kind":"residential"},"geometry":{"type":"LineString","coordinates":[[101.7182068,3.1576665],[101.7182915,3.157653]]}},{"type":"Feature","properties":{"name":"Persiaran KLCC","kind":"residential"},"geometry":{"type":"LineString","coordinates":[[101.7182068,3.1576665],[101.7182501,3.1577506]]}},{"type":"Feature","properties":{"name":"Persiaran KLCC","kind":"residential"},"geometry":{"type":"LineString","coordinates":[[101.7182068,3.1576665],[101.7181961,3.157586]]}},{"type":"Feature","properties":{"name":"Persiaran KLCC","kind":"residential"},"geometry":{"type":"LineString","coordinates":[[101.7182068,3.1576665],[101.7181801,3.1576698],[101.7181534,3.157673]]}},{"type":"Feature","properties":{"name":"Persiaran KLCC","kind":"residential"},"geometry":{"type":"LineString","coordinates":[[101.7152435,3.1536666],[101.7151817,3.153659]]}},{"type":"Feature","properties":{"name":"Persiaran KLCC","kind":"residential"},"geometry":{"type":"LineString","coordinates":[[101.7152435,3.1536666],[101.7152131,3.1535846]]}},{"type":"Feature","properties":{"name":"","kind":"service"},"geometry":{"type":"LineString","coordinates":[[101.7152435,3.1536666],[101.7152733,3.1538226],[101.7152094,3.1542155],[101.7151653,3.1542906],[101.7151241,3.1543133]]}},{"type":"Feature","properties":{"name":"Persiaran KLCC","kind":"residential"},"geometry":{"type":"LineString","coordinates":[[101.7152435,3.1536666],[101.7157663,3.1537325],[101.715822,3.1537395],[101.7166859,3.1539835]]}},{"type":"Feature","properties":{"name":"","kind":"service"},"geometry":{"type":"LineString","coordinates":[[101.7094924,3.1536106],[101.709513,3.1536668]]}},{"type":"Feature","properties":{"name":"Jalan Perak","kind":"tertiary"},"geometry":{"type":"LineString","coordinates":[[101.7094924,3.1536106],[101.7095799,3.153558]]}},{"type":"Feature","properties":{"name":"Jalan Perak","kind":"tertiary"},"geometry":{"type":"LineString","coordinates":[[101.7094924,3.1536106],[101.7094573,3.1536316]]}},{"type":"Feature","properties":{"name":"","kind":"service"},"geometry":{"type":"LineString","coordinates":[[101.7100876,3.1533127],[101.7101105,3.1533458]]}},{"type":"Feature","properties":{"name":"","kind":"service"},"geometry":{"type":"LineString","coordinates":[[101.7100876,3.1533127],[101.7098359,3.1534612]]}},{"type":"Feature","properties":{"name":"","kind":"service"},"geometry":{"type":"LineString","coordinates":[[101.7100876,3.1533127],[101.7104745,3.1530845],[101.7105485,3.1529849]]}},{"type":"Feature","properties":{"name":"","kind":"footway"},"geometry":{"type":"LineString","coordinates":[[101.717763,3.152168],[101.7177995,3.1521472]]}},{"type":"Feature","properties":{"name":"","kind":"footway"},"geometry":{"type":"LineString","coordinates":[[101.717763,3.152168],[101.717761,3.1521828],[101.7177551,3.1521976],[101.7177471,3.1522134]]}},{"type":"Feature","properties":{"name":"","kind":"footway"},"geometry":{"type":"LineString","coordinates":[[101.717763,3.152168],[101.7177598,3.1521549],[101.71747,3.1516156],[101.7173744,3.1514377],[101.7173255,3.1513313],[101.7172637,3.1511966],[101.7172541,3.1511757],[101.7172357,3.1511099]]}},{"type":"Feature","properties":{"name":"","kind":"footway"},"geometry":{"type":"LineString","coordinates":[[101.7177471,3.1522134],[101.7177692,3.152258]]}},{"type":"Feature","properties":{"name":"","kind":"footway"},"geometry":{"type":"LineString","coordinates":[[101.7177471,3.1522134],[101.7170789,3.1525648],[101.7169415,3.1526299],[101.7165885,3.1527681],[101.7164679,3.1527938],[101.7163758,3.1528058]]}},{"type":"Feature","properties":{"name":"","kind":"footway"},"geometry":{"type":"LineString","coordinates":[[101.7177471,3.1522134],[101.7177551,3.1521976],[101.717761,3.1521828],[101.717763,3.152168]]}},{"type":"Feature","properties":{"name":"Persiaran KLCC","kind":"residential"},"geometry":{"type":"LineString","coordinates":[[101.7151781,3.1530153],[101.7152131,3.1535846]]}},{"type":"Feature","properties":{"name":"Persiaran KLCC","kind":"residential"},"geometry":{"type":"LineString","coordinates":[[101.7151781,3.1530153],[101.7151721,3.1529172]]}},{"type":"Feature","properties":{"name":"","kind":"footway"},"geometry":{"type":"LineString","coordinates":[[101.7151781,3.1530153],[101.7153183,3.1530105]]}},{"type":"Feature","properties":{"name":"","kind":"footway"},"geometry":{"type":"LineString","coordinates":[[101.7151781,3.1530153],[101.7150627,3.153007]]}},{"type":"Feature","properties":{"name":"","kind":"tertiary_link"},"geometry":{"type":"LineString","coordinates":[[101.7177748,3.1523666],[101.7177994,3.1523741]]}},{"type":"Feature","properties":{"name":"","kind":"footway"},"geometry":{"type":"LineString","coordinates":[[101.7177748,3.1523666],[101.717813,3.1523467]]}},{"type":"Feature","properties":{"name":"","kind":"footway"},"geometry":{"type":"LineString","coordinates":[[101.7177748,3.1523666],[101.7177378,3.152385]]}},{"type":"Feature","properties":{"name":"","kind":"tertiary_link"},"geometry":{"type":"LineString","coordinates":[[101.7177748,3.1523666],[101.7177477,3.152363],[101.7174947,3.1523925]]}},{"type":"Feature","properties":{"name":"Jalan Stonor","kind":"residential"},"geometry":{"type":"LineString","coordinates":[[101.7178815,3.152311],[101.7179497,3.152458]]}},{"type":"Feature","properties":{"name":"Jalan Stonor","kind":"residential"},"geometry":{"type":"LineString","coordinates":[[101.7178815,3.152311],[101.7178392,3.1522226]]}},{"type":"Feature","properties":{"name":"","kind":"footway"},"geometry":{"type":"LineString","coordinates":[[101.7178815,3.152311],[101.7179312,3.1522842]]}},{"type":"Feature","properties":{"name":"","kind":"footway"},"geometry":{"type":"LineString","coordinates":[[101.7178815,3.152311],[101.7178407,3.1523322],[101.717813,3.1523467]]}},{"type":"Feature","properties":{"name":"","kind":"footway"},"geometry":{"type":"LineString","coordinates":[[101.717813,3.1523467],[101.7177748,3.1523666]]}},{"type":"Feature","properties":{"name":"","kind":"footway"},"geometry":{"type":"LineString","coordinates":[[101.717813,3.1523467],[101.7177692,3.152258]]}},{"type":"Feature","properties":{"name":"","kind":"footway"},"geometry":{"type":"LineString","coordinates":[[101.717813,3.1523467],[101.7177994,3.1523741]]}},{"type":"Feature","properties":{"name":"","kind":"footway"},"geometry":{"type":"LineString","coordinates":[[101.717813,3.1523467],[101.7178407,3.1523322],[101.7178815,3.152311]]}},{"type":"Feature","properties":{"name":"Jalan Kia Peng","kind":"tertiary"},"geometry":{"type":"LineString","coordinates":[[101.7177692,3.152258],[101.7178392,3.1522226]]}},{"type":"Feature","properties":{"name":"","kind":"footway"},"geometry":{"type":"LineString","coordinates":[[101.7177692,3.152258],[101.717813,3.1523467]]}},{"type":"Feature","properties":{"name":"","kind":"footway"},"geometry":{"type":"LineString","coordinates":[[101.7177692,3.152258],[101.7177471,3.1522134]]}},{"type":"Feature","properties":{"name":"Jalan Kia Peng","kind":"tertiary"},"geometry":{"type":"LineString","coordinates":[[101.7177692,3.152258],[101.7177017,3.1522911],[101.7174947,3.1523925]]}},{"type":"Feature","properties":{"name":"","kind":"footway"},"geometry":{"type":"LineString","coordinates":[[101.7177378,3.152385],[101.7177748,3.1523666]]}},{"type":"Feature","properties":{"name":"","kind":"footway"},"geometry":{"type":"LineString","coordinates":[[101.7177378,3.152385],[101.716691,3.152906],[101.7166126,3.1529402],[101.7165298,3.1529639],[101.7164655,3.1529719],[101.7164101,3.1529732],[101.7153183,3.1530105]]}},{"type":"Feature","properties":{"name":"","kind":"footway"},"geometry":{"type":"LineString","coordinates":[[101.7177378,3.152385],[101.7177636,3.1523841],[101.7177922,3.1523887]]}},{"type":"Feature","properties":{"name":"","kind":"footway"},"geometry":{"type":"LineString","coordinates":[[101.7177922,3.1523887],[101.7177994,3.1523741]]}},{"type":"Feature","properties":{"name":"","kind":"footway"},"geometry":{"type":"LineString","coordinates":[[101.7177922,3.1523887],[101.7178158,3.1523976],[101.7178397,3.1524106],[101.7178603,3.152422],[101.7178804,3.1524383],[101.718028,3.1527329]]}},{"type":"Feature","properties":{"name":"","kind":"footway"},"geometry":{"type":"LineString","coordinates":[[101.7177922,3.1523887],[101.7177636,3.1523841],[101.7177378,3.152385]]}},{"type":"Feature","properties":{"name":"","kind":"service"},"geometry":{"type":"LineString","coordinates":[[101.718028,3.1527329],[101.718073,3.1527068]]}},{"type":"Feature","properties":{"name":"","kind":"service"},"geometry":{"type":"LineString","coordinates":[[101.718028,3.1527329],[101.7179382,3.1527848],[101.7175412,3.1529642]]}},{"type":"Feature","properties":{"name":"","kind":"footway"},"geometry":{"type":"LineString","coordinates":[[101.718028,3.1527329],[101.7178804,3.1524383],[101.7178603,3.152422],[101.7178397,3.1524106],[101.7178158,3.1523976],[101.7177922,3.1523887]]}},{"type":"Feature","properties":{"name":"Persiaran Stonor","kind":"residential"},"geometry":{"type":"LineString","coordinates":[[101.7181826,3.152865],[101.7191091,3.1528339]]}},{"type":"Feature","properties":{"name":"Persiaran Stonor","kind":"residential"},"geometry":{"type":"LineString","coordinates":[[101.7181826,3.152865],[101.7181519,3.152866]]}},{"type":"Feature","properties":{"name":"","kind":"footway"},"geometry":{"type":"LineString","coordinates":[[101.7181826,3.152865],[101.7179312,3.1522842]]}},{"type":"Feature","properties":{"name":"","kind":"footway"},"geometry":{"type":"LineString","coordinates":[[101.7179312,3.1522842],[101.7181826,3.152865]]}},{"type":"Feature","properties":{"name":"","kind":"footway"},"geometry":{"type":"LineString","coordinates":[[101.7179312,3.1522842],[101.7178903,3.1521942]]}},{"type":"Feature","properties":{"name":"","kind":"footway"},"geometry":{"type":"LineString","coordinates":[[101.7179312,3.1522842],[101.7178815,3.152311]]}},{"type":"Feature","properties":{"name":"","kind":"footway"},"geometry":{"type":"LineString","coordinates":[[101.7179312,3.1522842],[101.7179645,3.1522645],[101.718194,3.1521293],[101.7184572,3.1519833]]}},{"type":"Feature","properties":{"name":"","kind":"service"},"geometry":{"type":"LineString","coordinates":[[101.7172357,3.1511099],[101.7172819,3.1510873]]}},{"type":"Feature","properties":{"name":"","kind":"footway"},"geometry":{"type":"LineString","coordinates":[[101.7172357,3.1511099],[101.7172541,3.1511757],[101.7172637,3.1511966],[101.7173255,3.1513313],[101.7173744,3.1514377],[101.71747,3.1516156],[101.7177598,3.1521549],[101.717763,3.152168]]}},{"type":"Feature","properties":{"name":"","kind":"path"},"geometry":{"type":"LineString","coordinates":[[101.7134325,3.1550033],[101.7134874,3.1552091]]}},{"type":"Feature","properties":{"name":"","kind":"footway"},"geometry":{"type":"LineString","coordinates":[[101.7134325,3.1550033],[101.7134811,3.1549654],[101.7135161,3.1549213],[101.7135107,3.1548362],[101.7135767,3.1547841]]}},{"type":"Feature","properties":{"name":"","kind":"footway"},"geometry":{"type":"LineString","coordinates":[[101.7134325,3.1550033],[101.7134106,3.1550204],[101.7133449,3.1549884],[101.7133052,3.1549988],[101.7132524,3.1550374],[101.7132364,3.1550963],[101.7132524,3.1551579],[101.7132498,3.1552463],[101.713231,3.1553133],[101.7131157,3.1554418],[101.7130486,3.1554766],[101.7129628,3.1554874]]}},{"type":"Feature","properties":{"name":"","kind":"path"},"geometry":{"type":"LineString","coordinates":[[101.7134874,3.1552091],[101.7134325,3.1550033]]}},{"type":"Feature","properties":{"name":"","kind":"footway"},"geometry":{"type":"LineString","coordinates":[[101.7134874,3.1552091],[101.7135159,3.1551962],[101.7136199,3.1552195],[101.7136687,3.1552612],[101.7137326,3.1553159],[101.7138627,3.1555154],[101.7139592,3.1556883],[101.7140499,3.1557138],[101.714147,3.1556922],[101.7141991,3.155716],[101.7142424,3.1557188],[101.7142758,3.1557367],[101.7142941,3.1557691],[101.7142945,3.1558039],[101.7143093,3.1558255],[101.7143293,3.1558394],[101.7143581,3.155838],[101.7143779,3.1558244]]}},{"type":"Feature","properties":{"name":"","kind":"footway"},"geometry":{"type":"LineString","coordinates":[[101.7134874,3.1552091],[101.7134343,3.1552331],[101.7133753,3.1553143],[101.7133541,3.155404],[101.7133479,3.155529],[101.7132972,3.1556332],[101.713297,3.155691],[101.7133329,3.1557482],[101.7133463,3.155806],[101.7133756,3.1558718]]}},{"type":"Feature","properties":{"name":"","kind":"footway"},"geometry":{"type":"LineString","coordinates":[[101.7134282,3.1544995],[101.7134956,3.1544391]]}},{"type":"Feature","properties":{"name":"","kind":"footway"},"geometry":{"type":"LineString","coordinates":[[101.7134282,3.1544995],[101.7133756,3.1545467]]}},{"type":"Feature","properties":{"name":"","kind":"path"},"geometry":{"type":"LineString","coordinates":[[101.7134282,3.1544995],[101.713449,3.154542],[101.7135767,3.1547841]]}},{"type":"Feature","properties":{"name":"","kind":"footway"},"geometry":{"type":"LineString","coordinates":[[101.7107921,3.1567635],[101.7108149,3.1566119]]}},{"type":"Feature","properties":{"name":"","kind":"footway"},"geometry":{"type":"LineString","coordinates":[[101.7107921,3.1567635],[101.710755,3.1570098]]}},{"type":"Feature","properties":{"name":"","kind":"footway"},"geometry":{"type":"LineString","coordinates":[[101.7107921,3.1567635],[101.7107725,3.156736],[101.7107127,3.1566522]]}},{"type":"Feature","properties":{"name":"","kind":"footway"},"geometry":{"type":"LineString","coordinates":[[101.7105494,3.1564397],[101.7102903,3.1561376]]}},{"type":"Feature","properties":{"name":"","kind":"footway"},"geometry":{"type":"LineString","coordinates":[[101.7105494,3.1564397],[101.7103922,3.1566105]]}},{"type":"Feature","properties":{"name":"","kind":["footway","steps"]},"geometry":{"type":"LineString","coordinates":[[101.7105494,3.1564397],[101.7105636,3.1564561],[101.7105671,3.1564587],[101.7105968,3.1564898],[101.7107127,3.1566522]]}},{"type":"Feature","properties":{"name":"","kind":"footway"},"geometry":{"type":"LineString","coordinates":[[101.710166,3.1559927],[101.7100669,3.1561146]]}},{"type":"Feature","properties":{"name":"","kind":"footway"},"geometry":{"type":"LineString","coordinates":[[101.710166,3.1559927],[101.7102903,3.1561376]]}},{"type":"Feature","properties":{"name":"","kind":"footway"},"geometry":{"type":"LineString","coordinates":[[101.710166,3.1559927],[101.7105595,3.1555545],[101.7106372,3.1554681],[101.7106949,3.1554038]]}},{"type":"Feature","properties":{"name":"","kind":"footway"},"geometry":{"type":"LineString","coordinates":[[101.7100051,3.1561906],[101.7100669,3.1561146]]}},{"type":"Feature","properties":{"name":"","kind":"footway"},"geometry":{"type":"LineString","coordinates":[[101.7100051,3.1561906],[101.7099632,3.1562338]]}},{"type":"Feature","properties":{"name":"","kind":"footway"},"geometry":{"type":"LineString","coordinates":[[101.7100051,3.1561906],[101.710024,3.1562281],[101.7100514,3.1562565]]}},{"type":"Feature","properties":{"name":"","kind":"footway"},"geometry":{"type":"LineString","coordinates":[[101.7100669,3.1561146],[101.7100051,3.1561906]]}},{"type":"Feature","properties":{"name":"","kind":"footway"},"geometry":{"type":"LineString","coordinates":[[101.7100669,3.1561146],[101.710166,3.1559927]]}},{"type":"Feature","properties":{"name":"","kind":"footway"},"geometry":{"type":"LineString","coordinates":[[101.7100669,3.1561146],[101.7100259,3.1560706]]}},{"type":"Feature","properties":{"name":"Jalan P. Ramlee","kind":"tertiary"},"geometry":{"type":"LineString","coordinates":[[101.7099632,3.1562338],[101.7099256,3.1561979]]}},{"type":"Feature","properties":{"name":"","kind":"footway"},"geometry":{"type":"LineString","coordinates":[[101.7099632,3.1562338],[101.7098825,3.1563282]]}},{"type":"Feature","properties":{"name":"","kind":"footway"},"geometry":{"type":"LineString","coordinates":[[101.7099632,3.1562338],[101.7100051,3.1561906]]}},{"type":"Feature","properties":{"name":"Jalan P. Ramlee","kind":"tertiary"},"geometry":{"type":"LineString","coordinates":[[101.7099632,3.1562338],[101.7100008,3.1562697],[101.7100791,3.1563449],[101.7104169,3.1566693],[101.7106622,3.1569216],[101.7107434,3.157087]]}},{"type":"Feature","properties":{"name":"Jalan P. Ramlee","kind":"tertiary"},"geometry":{"type":"LineString","coordinates":[[101.7098825,3.1563282],[101.7099174,3.1563607]]}},{"type":"Feature","properties":{"name":"Jalan P. Ramlee","kind":"tertiary"},"geometry":{"type":"LineString","coordinates":[[101.7098825,3.1563282],[101.7098505,3.1562985]]}},{"type":"Feature","properties":{"name":"","kind":"footway"},"geometry":{"type":"LineString","coordinates":[[101.7098825,3.1563282],[101.7098519,3.1563585]]}},{"type":"Feature","properties":{"name":"","kind":"footway"},"geometry":{"type":"LineString","coordinates":[[101.7098825,3.1563282],[101.7099632,3.1562338]]}},{"type":"Feature","properties":{"name":"","kind":"footway"},"geometry":{"type":"LineString","coordinates":[[101.7098519,3.1563585],[101.71001,3.1565029]]}},{"type":"Feature","properties":{"name":"","kind":"footway"},"geometry":{"type":"LineString","coordinates":[[101.7098519,3.1563585],[101.7098825,3.1563282]]}},{"type":"Feature","properties":{"name":"","kind":"footway"},"geometry":{"type":"LineString","coordinates":[[101.7098519,3.1563585],[101.7098311,3.1563399],[101.7097972,3.1563078]]}},{"type":"Feature","properties":{"name":"Jalan Perak","kind":"tertiary"},"geometry":{"type":"LineString","coordinates":[[101.7105485,3.1529849],[101.7104972,3.1530192],[101.710181,3.153211],[101.7100462,3.1532927],[101.7097592,3.1534551],[101.7097312,3.1534707],[101.709653,3.1535141]]}},{"type":"Feature","properties":{"name":"Jalan Perak","kind":"tertiary"},"geometry":{"type":"LineString","coordinates":[[101.7105485,3.1529849],[101.7110412,3.1526555],[101.7111858,3.1525781]]}},{"type":"Feature","properties":{"name":"","kind":"service"},"geometry":{"type":"LineString","coordinates":[[101.7105485,3.1529849],[101.7104745,3.1530845],[101.7100876,3.1533127]]}},{"type":"Feature","properties":{"name":"","kind":"service"},"geometry":{"type":"LineString","coordinates":[[101.7098531,3.1534856],[101.7098902,3.1535464]]}},{"type":"Feature","properties":{"name":"","kind":"service"},"geometry":{"type":"LineString","coordinates":[[101.7098531,3.1534856],[101.7098359,3.1534612]]}},{"type":"Feature","properties":{"name":"","kind":"footway"},"geometry":{"type":"LineString","coordinates":[[101.7098531,3.1534856],[101.7099892,3.1534112],[101.7101105,3.1533458]]}},{"type":"Feature","properties":{"name":"","kind":"footway"},"geometry":{"type":"LineString","coordinates":[[101.7098531,3.1534856],[101.7097953,3.1535172],[101.709513,3.1536668]]}},{"type":"Feature","properties":{"name":"","kind":"service"},"geometry":{"type":"LineString","coordinates":[[101.7101105,3.1533458],[101.7100876,3.1533127]]}},{"type":"Feature","properties":{"name":"","kind":"service"},"geometry":{"type":"LineString","coordinates":[[101.7101105,3.1533458],[101.7101872,3.153463],[101.710194,3.1534854],[101.7101883,3.1534987],[101.709965,3.1536399],[101.7099405,3.1536289],[101.7098902,3.1535464]]}},{"type":"Feature","properties":{"name":"","kind":"footway"},"geometry":{"type":"LineString","coordinates":[[101.7101105,3.1533458],[101.7110382,3.1528461],[101.7111597,3.1527831],[101.7112919,3.1527278],[101.7114073,3.1526894],[101.711478,3.1527032],[101.7115549,3.1527263]]}},{"type":"Feature","properties":{"name":"","kind":"footway"},"geometry":{"type":"LineString","coordinates":[[101.7101105,3.1533458],[101.7099892,3.1534112],[101.7098531,3.1534856]]}},{"type":"Feature","properties":{"name":"Jalan Pinang","kind":"tertiary"},"geometry":{"type":"LineString","coordinates":[[101.7103191,3.1556914],[101.7103391,3.1556649]]}},{"type":"Feature","properties":{"name":"Jalan Pinang","kind":"tertiary"},"geometry":{"type":"LineString","coordinates":[[101.7103191,3.1556914],[101.7101765,3.1558775]]}},{"type":"Feature","properties":{"name":"","kind":"service"},"geometry":{"type":"LineString","coordinates":[[101.7103191,3.1556914],[101.7102797,3.1556611]]}},{"type":"Feature","properties":{"name":"","kind":"service"},"geometry":{"type":"LineString","coordinates":[[101.7100333,3.1557324],[101.7100496,3.1557164]]}},{"type":"Feature","properties":{"name":"","kind":"service"},"geometry":{"type":"LineString","coordinates":[[101.7100333,3.1557324],[101.7099988,3.1557615]]}},{"type":"Feature","properties":{"name":"","kind":"service"},"geometry":{"type":"LineString","coordinates":[[101.7100333,3.1557324],[101.710032,3.1557467],[101.7100363,3.1557625],[101.7101322,3.1558412]]}},{"type":"Feature","properties":{"name":"Jalan Changkat Kia Peng","kind":"residential"},"geometry":{"type":"LineString","coordinates":[[101.7147158,3.1528634],[101.7147083,3.1529371]]}},{"type":"Feature","properties":{"name":"Jalan Changkat Kia Peng","kind":"residential"},"geometry":{"type":"LineString","coordinates":[[101.7147158,3.1528634],[101.7147645,3.1519876],[101.7147883,3.1518361],[101.7148444,3.1516934],[101.7149011,3.1515871],[101.7149301,3.1515662],[101.7151049,3.1514174],[101.7153085,3.1513349],[101.7155225,3.1513185],[101.7157853,3.151378],[101.7160617,3.1514802],[101.7161357,3.1515207],[101.7162088,3.1515887],[101.7162386,3.1516371]]}},{"type":"Feature","properties":{"name":"","kind":"footway"},"geometry":{"type":"LineString","coordinates":[[101.7147158,3.1528634],[101.7146371,3.1528649],[101.7145862,3.1528677],[101.7143403,3.1528546],[101.7140647,3.1528195],[101.7139999,3.1528096]]}},{"type":"Feature","properties":{"name":"","kind":"footway"},"geometry":{"type":"LineString","coordinates":[[101.7147158,3.1528634],[101.7147865,3.1528648],[101.7160521,3.1528187]]}},{"type":"Feature","properties":{"name":"","kind":"service"},"geometry":{"type":"LineString","coordinates":[[101.7112308,3.1557074],[101.7113535,3.1557012]]}},{"type":"Feature","properties":{"name":"","kind":"service"},"geometry":{"type":"LineString","coordinates":[[101.7112308,3.1557074],[101.7112137,3.1553254]]}},{"type":"Feature","properties":{"name":"","kind":"service"},"geometry":{"type":"LineString","coordinates":[[101.7112308,3.1557074],[101.7111271,3.1557126],[101.711128,3.1557345],[101.7111287,3.1557502]]}},{"type":"Feature","properties":{"name":"","kind":"service"},"geometry":{"type":"LineString","coordinates":[[101.7160489,3.1522346],[101.7160525,3.1526147]]}},{"type":"Feature","properties":{"name":"","kind":"footway"},"geometry":{"type":"LineString","coordinates":[[101.7160521,3.1528187],[101.7161488,3.1528154]]}},{"type":"Feature","properties":{"name":"","kind":"service"},"geometry":{"type":"LineString","coordinates":[[101.7160521,3.1528187],[101.7160525,3.1528782]]}},{"type":"Feature","properties":{"name":"","kind":"service"},"geometry":{"type":"LineString","coordinates":[[101.7160521,3.1528187],[101.7160525,3.1526147]]}},{"type":"Feature","properties":{"name":"","kind":"footway"},"geometry":{"type":"LineString","coordinates":[[101.7160521,3.1528187],[101.7147865,3.1528648],[101.7147158,3.1528634]]}},{"type":"Feature","properties":{"name":"Jalan Kia Peng","kind":"tertiary"},"geometry":{"type":"LineString","coordinates":[[101.7160525,3.1528782],[101.7161477,3.1528738]]}},{"type":"Feature","properties":{"name":"Jalan Kia Peng","kind":"tertiary"},"geometry":{"type":"LineString","coordinates":[[101.7160525,3.1528782],[101.7151721,3.1529172]]}},{"type":"Feature","properties":{"name":"","kind":"service"},"geometry":{"type":"LineString","coordinates":[[101.7160525,3.1528782],[101.7160521,3.1528187]]}},{"type":"Feature","properties":{"name":"Jalan Kia Peng","kind":"tertiary"},"geometry":{"type":"LineString","coordinates":[[101.7161477,3.1528738],[101.7163737,3.152864]]}},{"type":"Feature","properties":{"name":"Jalan Kia Peng","kind":"tertiary"},"geometry":{"type":"LineString","coordinates":[[101.7161477,3.1528738],[101.7160525,3.1528782]]}},{"type":"Feature","properties":{"name":"","kind":"service"},"geometry":{"type":"LineString","coordinates":[[101.7161477,3.1528738],[101.7161488,3.1528154]]}},{"type":"Feature","properties":{"name":"","kind":"footway"},"geometry":{"type":"LineString","coordinates":[[101.7161488,3.1528154],[101.7160521,3.1528187]]}},{"type":"Feature","properties":{"name":"","kind":"service"},"geometry":{"type":"LineString","coordinates":[[101.7161488,3.1528154],[101.7161477,3.1528738]]}},{"type":"Feature","properties":{"name":"","kind":"footway"},"geometry":{"type":"LineString","coordinates":[[101.7161488,3.1528154],[101.7163592,3.1528056],[101.7163758,3.1528058]]}},{"type":"Feature","properties":{"name":"","kind":"service"},"geometry":{"type":"LineString","coordinates":[[101.7161488,3.1528154],[101.7161474,3.1526147],[101.7160525,3.1526147]]}},{"type":"Feature","properties":{"name":"Jalan Kia Peng","kind":"tertiary"},"geometry":{"type":"LineString","coordinates":[[101.7163737,3.152864],[101.7161477,3.1528738]]}},{"type":"Feature","properties":{"name":"","kind":"service"},"geometry":{"type":"LineString","coordinates":[[101.7163737,3.152864],[101.7163758,3.1528058]]}},{"type":"Feature","properties":{"name":"Jalan Kia Peng","kind":"tertiary"},"geometry":{"type":"LineString","coordinates":[[101.7163737,3.152864],[101.7164294,3.1528615],[101.7166081,3.1528168],[101.7169144,3.1526916],[101.7172361,3.1525314],[101.7174947,3.1523925]]}},{"type":"Feature","properties":{"name":"","kind":"service"},"geometry":{"type":"LineString","coordinates":[[101.7163758,3.1528058],[101.7163748,3.1521978]]}},{"type":"Feature","properties":{"name":"","kind":"service"},"geometry":{"type":"LineString","coordinates":[[101.7163758,3.1528058],[101.7163737,3.152864]]}},{"type":"Feature","properties":{"name":"","kind":"footway"},"geometry":{"type":"LineString","coordinates":[[101.7163758,3.1528058],[101.7163592,3.1528056],[101.7161488,3.1528154]]}},{"type":"Feature","properties":{"name":"","kind":"footway"},"geometry":{"type":"LineString","coordinates":[[101.7163758,3.1528058],[101.7164679,3.1527938],[101.7165885,3.1527681],[101.7169415,3.1526299],[101.7170789,3.1525648],[101.7177471,3.1522134]]}},{"type":"Feature","properties":{"name":"","kind":"service"},"geometry":{"type":"LineString","coordinates":[[101.7163748,3.1521978],[101.7163758,3.1528058]]}},{"type":"Feature","properties":{"name":"","kind":"service"},"geometry":{"type":"LineString","coordinates":[[101.7160525,3.1526147],[101.7160489,3.1522346]]}},{"type":"Feature","properties":{"name":"","kind":"service"},"geometry":{"type":"LineString","coordinates":[[101.7160525,3.1526147],[101.7160521,3.1528187]]}},{"type":"Feature","properties":{"name":"","kind":"service"},"geometry":{"type":"LineString","coordinates":[[101.7160525,3.1526147],[101.7161474,3.1526147],[101.7161488,3.1528154]]}},{"type":"Feature","properties":{"name":"Jalan P. Ramlee","kind":"tertiary"},"geometry":{"type":"LineString","coordinates":[[101.7093926,3.1558905],[101.7096769,3.1561242]]}},{"type":"Feature","properties":{"name":"Jalan P. Ramlee","kind":"tertiary"},"geometry":{"type":"LineString","coordinates":[[101.7093926,3.1558905],[101.7090819,3.1556351]]}},{"type":"Feature","properties":{"name":"","kind":"service"},"geometry":{"type":"LineString","coordinates":[[101.7093926,3.1558905],[101.7094715,3.1559005]]}},{"type":"Feature","properties":{"name":"","kind":"service"},"geometry":{"type":"LineString","coordinates":[[101.7099658,3.1557882],[101.7097065,3.1560749]]}},{"type":"Feature","properties":{"name":"","kind":"service"},"geometry":{"type":"LineString","coordinates":[[101.7099658,3.1557882],[101.7100571,3.1558753]]}},{"type":"Feature","properties":{"name":"","kind":"service"},"geometry":{"type":"LineString","coordinates":[[101.7099658,3.1557882],[101.7093141,3.1551667],[101.7092812,3.1551655],[101.7092354,3.1551738],[101.7089758,3.1554259]]}},{"type":"Feature","properties":{"name":"Jalan P. Ramlee","kind":"tertiary"},"geometry":{"type":"LineString","coordinates":[[101.7089332,3.1554673],[101.7090819,3.1556351]]}},{"type":"Feature","properties":{"name":"","kind":"service"},"geometry":{"type":"LineString","coordinates":[[101.7089332,3.1554673],[101.7089758,3.1554259]]}},{"type":"Feature","properties":{"name":"Jalan P. Ramlee","kind":"tertiary"},"geometry":{"type":"LineString","coordinates":[[101.7089332,3.1554673],[101.7089058,3.1554364],[101.7088208,3.1553404]]}},{"type":"Feature","properties":{"name":"","kind":"service"},"geometry":{"type":"LineString","coordinates":[[101.7177205,3.1543359],[101.7177391,3.1543697]]}},{"type":"Feature","properties":{"name":"","kind":"service"},"geometry":{"type":"LineString","coordinates":[[101.7177205,3.1543359],[101.7176853,3.1542718]]}},{"type":"Feature","properties":{"name":"","kind":"footway"},"geometry":{"type":"LineString","coordinates":[[101.7177205,3.1543359],[101.7179564,3.1543981],[101.7180017,3.1544203],[101.7180667,3.154476],[101.7181077,3.1545294],[101.7181231,3.1545741],[101.7181301,3.1546112],[101.7181277,3.1551094]]}},{"type":"Feature","properties":{"name":"","kind":"service"},"geometry":{"type":"LineString","coordinates":[[101.7181277,3.1551094],[101.7181902,3.1551101]]}},{"type":"Feature","properties":{"name":"","kind":"service"},"geometry":{"type":"LineString","coordinates":[[101.7181277,3.1551094],[101.7180713,3.155111],[101.717936,3.1551151]]}},{"type":"Feature","properties":{"name":"","kind":"footway"},"geometry":{"type":"LineString","coordinates":[[101.7181277,3.1551094],[101.7181245,3.1557489],[101.7181849,3.1557486]]}},{"type":"Feature","properties":{"name":"","kind":"footway"},"geometry":{"type":"LineString","coordinates":[[101.7181277,3.1551094],[101.7181301,3.1546112],[101.7181231,3.1545741],[101.7181077,3.1545294],[101.7180667,3.154476],[101.7180017,3.1544203],[101.7179564,3.1543981],[101.7177205,3.1543359]]}},{"type":"Feature","properties":{"name":"Persiaran KLCC","kind":"residential"},"geometry":{"type":"LineString","coordinates":[[101.7181902,3.1551101],[101.7181949,3.1545643]]}},{"type":"Feature","properties":{"name":"","kind":"service"},"geometry":{"type":"LineString","coordinates":[[101.7181902,3.1551101],[101.7181277,3.1551094]]}},{"type":"Feature","properties":{"name":"Persiaran KLCC","kind":"residential"},"geometry":{"type":"LineString","coordinates":[[101.7181902,3.1551101],[101.7181853,3.1556785],[101.7181849,3.1557486]]}},{"type":"Feature","properties":{"name":"","kind":"service"},"geometry":{"type":"LineString","coordinates":[[101.717936,3.1551151],[101.7180713,3.155111],[101.7181277,3.1551094]]}},{"type":"Feature","properties":{"name":"Jalan P. Ramlee","kind":"tertiary"},"geometry":{"type":"LineString","coordinates":[[101.7085985,3.1550894],[101.708543,3.1550268]]}},{"type":"Feature","properties":{"name":"","kind":"service"},"geometry":{"type":"LineString","coordinates":[[101.7085985,3.1550894],[101.7085783,3.1551005]]}},{"type":"Feature","properties":{"name":"Jalan P. Ramlee","kind":"tertiary"},"geometry":{"type":"LineString","coordinates":[[101.7085985,3.1550894],[101.7086876,3.15519],[101.7088208,3.1553404]]}},{"type":"Feature","properties":{"name":"","kind":"footway"},"geometry":{"type":"LineString","coordinates":[[101.7085783,3.1551005],[101.7085276,3.1550435]]}},{"type":"Feature","properties":{"name":"","kind":"service"},"geometry":{"type":"LineString","coordinates":[[101.7085783,3.1551005],[101.7085985,3.1550894]]}},{"type":"Feature","properties":{"name":"","kind":"footway"},"geometry":{"type":"LineString","coordinates":[[101.7085783,3.1551005],[101.7085937,3.1551178],[101.7087987,3.1553555],[101.708872,3.1554405],[101.7090665,3.1556501]]}},{"type":"Feature","properties":{"name":"","kind":"service"},"geometry":{"type":"LineString","coordinates":[[101.7085783,3.1551005],[101.7085351,3.1551372],[101.7084205,3.1552344],[101.7086199,3.155445]]}},{"type":"Feature","properties":{"name":"","kind":"service"},"geometry":{"type":"LineString","coordinates":[[101.7086199,3.155445],[101.7084205,3.1552344],[101.7085351,3.1551372],[101.7085783,3.1551005]]}},{"type":"Feature","properties":{"name":"","kind":"footway"},"geometry":{"type":"LineString","coordinates":[[101.7085276,3.1550435],[101.7085783,3.1551005]]}},{"type":"Feature","properties":{"name":"","kind":"footway"},"geometry":{"type":"LineString","coordinates":[[101.7085276,3.1550435],[101.7082047,3.1546809]]}},{"type":"Feature","properties":{"name":"","kind":"service"},"geometry":{"type":"LineString","coordinates":[[101.7085276,3.1550435],[101.708543,3.1550268]]}},{"type":"Feature","properties":{"name":"","kind":"service"},"geometry":{"type":"LineString","coordinates":[[101.7085276,3.1550435],[101.7083451,3.1552219],[101.7083088,3.1552574],[101.7079552,3.1549118]]}},{"type":"Feature","properties":{"name":"Jalan P. Ramlee","kind":"tertiary"},"geometry":{"type":"LineString","coordinates":[[101.708543,3.1550268],[101.7085985,3.1550894]]}},{"type":"Feature","properties":{"name":"","kind":"service"},"geometry":{"type":"LineString","coordinates":[[101.708543,3.1550268],[101.7085276,3.1550435]]}},{"type":"Feature","properties":{"name":"Jalan P. Ramlee","kind":"tertiary"},"geometry":{"type":"LineString","coordinates":[[101.708543,3.1550268],[101.708492,3.1549692],[101.7084513,3.1549233],[101.7083971,3.1548621]]}},{"type":"Feature","properties":{"name":"","kind":"service"},"geometry":{"type":"LineString","coordinates":[[101.7079552,3.1549118],[101.7078768,3.154845]]}},{"type":"Feature","properties":{"name":"","kind":"service"},"geometry":{"type":"LineString","coordinates":[[101.7079552,3.1549118],[101.7080957,3.1547968],[101.708058,3.1546947]]}},{"type":"Feature","properties":{"name":"","kind":"service"},"geometry":{"type":"LineString","coordinates":[[101.7079552,3.1549118],[101.7083088,3.1552574],[101.7083451,3.1552219],[101.7085276,3.1550435]]}},{"type":"Feature","properties":{"name":"Jalan Changkat Perak","kind":"residential"},"geometry":{"type":"LineString","coordinates":[[101.708058,3.1546947],[101.7078768,3.154845]]}},{"type":"Feature","properties":{"name":"Jalan Changkat Perak","kind":"residential"},"geometry":{"type":"LineString","coordinates":[[101.708058,3.1546947],[101.7081494,3.1546188]]}},{"type":"Feature","properties":{"name":"","kind":"service"},"geometry":{"type":"LineString","coordinates":[[101.708058,3.1546947],[101.7080957,3.1547968],[101.7079552,3.1549118]]}},{"type":"Feature","properties":{"name":"Jalan Changkat Perak","kind":"residential"},"geometry":{"type":"LineString","coordinates":[[101.7078768,3.154845],[101.708058,3.1546947]]}},{"type":"Feature","properties":{"name":"","kind":"service"},"geometry":{"type":"LineString","coordinates":[[101.7078768,3.154845],[101.7079552,3.1549118]]}},{"type":"Feature","properties":{"name":"Jalan Changkat Perak","kind":"residential"},"geometry":{"type":"LineString","coordinates":[[101.7078768,3.154845],[101.7078402,3.1548754],[101.7074922,3.1551921],[101.7073483,3.1553276]]}},{"type":"Feature","properties":{"name":"","kind":"footway"},"geometry":{"type":"LineString","coordinates":[[101.7077169,3.1560011],[101.7078454,3.1559472]]}},{"type":"Feature","properties":{"name":"Jalan Cangkat Perak","kind":"residential"},"geometry":{"type":"LineString","coordinates":[[101.7077169,3.1560011],[101.7078005,3.1561298],[101.7078294,3.1561502],[101.7079412,3.1561629],[101.7080816,3.15614]]}},{"type":"Feature","properties":{"name":"Jalan Cangkat Perak","kind":"residential"},"geometry":{"type":"LineString","coordinates":[[101.7077169,3.1560011],[101.707663,3.1559181],[101.7074937,3.1556049],[101.7073483,3.1553276]]}},{"type":"Feature","properties":{"name":"","kind":"footway"},"geometry":{"type":"LineString","coordinates":[[101.7084147,3.1554199],[101.7085244,3.155534],[101.7083031,3.1556751],[101.7081737,3.1557371],[101.7080657,3.1558058],[101.708051,3.1558254]]}},{"type":"Feature","properties":{"name":"","kind":"footway"},"geometry":{"type":"LineString","coordinates":[[101.7119721,3.1531952],[101.7119141,3.1532406],[101.7118652,3.1533386],[101.7118407,3.1533373]]}},{"type":"Feature","properties":{"name":"","kind":"footway"},"geometry":{"type":"LineString","coordinates":[[101.7118407,3.1533373],[101.7118321,3.1533733]]}},{"type":"Feature","properties":{"name":"","kind":"footway"},"geometry":{"type":"LineString","coordinates":[[101.7118407,3.1533373],[101.711862,3.1532898],[101.7118837,3.1532352],[101.7119214,3.1531995]]}},{"type":"Feature","properties":{"name":"","kind":"footway"},"geometry":{"type":"LineString","coordinates":[[101.7118407,3.1533373],[101.7118652,3.1533386],[101.7119141,3.1532406],[101.7119721,3.1531952]]}},{"type":"Feature","properties":{"name":"","kind":"footway"},"geometry":{"type":"LineString","coordinates":[[101.7119223,3.1530625],[101.7119376,3.1531128],[101.7119529,3.1531696],[101.7119214,3.1531995]]}},{"type":"Feature","properties":{"name":"","kind":"footway"},"geometry":{"type":"LineString","coordinates":[[101.7118063,3.1534409],[101.7118419,3.1534504]]}},{"type":"Feature","properties":{"name":"","kind":"footway"},"geometry":{"type":"LineString","coordinates":[[101.7118063,3.1534409],[101.7116855,3.1537122],[101.711664,3.1537659]]}},{"type":"Feature","properties":{"name":"","kind":"footway"},"geometry":{"type":"LineString","coordinates":[[101.7118063,3.1534409],[101.7118131,3.1534253],[101.7118321,3.1533733]]}},{"type":"Feature","properties":{"name":"","kind":"footway"},"geometry":{"type":"LineString","coordinates":[[101.7118899,3.1534645],[101.7118419,3.1534504]]}},{"type":"Feature","properties":{"name":"","kind":"footway"},"geometry":{"type":"LineString","coordinates":[[101.7118899,3.1534645],[101.7119334,3.1533582],[101.7119638,3.1533065]]}},{"type":"Feature","properties":{"name":"","kind":"footway"},"geometry":{"type":"LineString","coordinates":[[101.7118899,3.1534645],[101.7118396,3.1537182],[101.7118277,3.1537935]]}},{"type":"Feature","properties":{"name":"","kind":"service"},"geometry":{"type":"LineString","coordinates":[[101.7119638,3.1533065],[101.7119516,3.1532469]]}},{"type":"Feature","properties":{"name":"","kind":"service"},"geometry":{"type":"LineString","coordinates":[[101.7119638,3.1533065],[101.7119798,3.1533849]]}},{"type":"Feature","properties":{"name":"","kind":"footway"},"geometry":{"type":"LineString","coordinates":[[101.7119638,3.1533065],[101.7120052,3.1532521],[101.712064,3.1532019],[101.7123471,3.1530837]]}},{"type":"Feature","properties":{"name":"","kind":"footway"},"geometry":{"type":"LineString","coordinates":[[101.7119638,3.1533065],[101.7119334,3.1533582],[101.7118899,3.1534645]]}},{"type":"Feature","properties":{"name":"","kind":"service"},"geometry":{"type":"LineString","coordinates":[[101.7123927,3.1530646],[101.7125928,3.1533678]]}},{"type":"Feature","properties":{"name":"","kind":"service"},"geometry":{"type":"LineString","coordinates":[[101.7123927,3.1530646],[101.7123595,3.1530136]]}},{"type":"Feature","properties":{"name":"","kind":"footway"},"geometry":{"type":"LineString","coordinates":[[101.7123927,3.1530646],[101.7123471,3.1530837]]}},{"type":"Feature","properties":{"name":"","kind":"footway"},"geometry":{"type":"LineString","coordinates":[[101.7123927,3.1530646],[101.7126355,3.1529294],[101.7130794,3.1528785],[101.7130959,3.1528769]]}},{"type":"Feature","properties":{"name":"","kind":"service"},"geometry":{"type":"LineString","coordinates":[[101.7119798,3.1533849],[101.7119638,3.1533065]]}},{"type":"Feature","properties":{"name":"","kind":"service"},"geometry":{"type":"LineString","coordinates":[[101.7119798,3.1533849],[101.7121068,3.1532706]]}},{"type":"Feature","properties":{"name":"","kind":"service"},"geometry":{"type":"LineString","coordinates":[[101.7119798,3.1533849],[101.711989,3.1534302],[101.7119877,3.1534965],[101.7119851,3.1535668],[101.7119817,3.1536143]]}},{"type":"Feature","properties":{"name":"","kind":"service"},"geometry":{"type":"LineString","coordinates":[[101.7121068,3.1532706],[101.7119798,3.1533849]]}},{"type":"Feature","properties":{"name":"","kind":"service"},"geometry":{"type":"LineString","coordinates":[[101.7130959,3.1528769],[101.7130874,3.1528424]]}},{"type":"Feature","properties":{"name":"","kind":"service"},"geometry":{"type":"LineString","coordinates":[[101.7130959,3.1528769],[101.71313,3.1530155],[101.7131196,3.1530272],[101.71309,3.1530396],[101.712964,3.1530921],[101.7128953,3.1531267]]}},{"type":"Feature","properties":{"name":"","kind":"footway"},"geometry":{"type":"LineString","coordinates":[[101.7130959,3.1528769],[101.7136225,3.1528437],[101.7139283,3.1529481],[101.7141167,3.1529557],[101.7142863,3.1529696],[101.7143894,3.1529739],[101.7149473,3.1529986],[101.7150627,3.153007]]}},{"type":"Feature","properties":{"name":"","kind":"footway"},"geometry":{"type":"LineString","coordinates":[[101.7130959,3.1528769],[101.7130794,3.1528785],[101.7126355,3.1529294],[101.7123927,3.1530646]]}},{"type":"Feature","properties":{"name":"","kind":"footway"},"geometry":{"type":"LineString","coordinates":[[101.7150627,3.153007],[101.7151781,3.1530153]]}},{"type":"Feature","properties":{"name":"","kind":"footway"},"geometry":{"type":"LineString","coordinates":[[101.7150627,3.153007],[101.7151172,3.1530924],[101.7151324,3.153435]]}},{"type":"Feature","properties":{"name":"","kind":"footway"},"geometry":{"type":"LineString","coordinates":[[101.7150627,3.153007],[101.7149473,3.1529986],[101.7143894,3.1529739],[101.7142863,3.1529696],[101.7141167,3.1529557],[101.7139283,3.1529481],[101.7136225,3.1528437],[101.7130959,3.1528769]]}},{"type":"Feature","properties":{"name":"","kind":"footway"},"geometry":{"type":"LineString","coordinates":[[101.7153183,3.1530105],[101.7151781,3.1530153]]}},{"type":"Feature","properties":{"name":"","kind":"footway"},"geometry":{"type":"LineString","coordinates":[[101.7153183,3.1530105],[101.7164101,3.1529732],[101.7164655,3.1529719],[101.7165298,3.1529639],[101.7166126,3.1529402],[101.716691,3.152906],[101.7177378,3.152385]]}},{"type":"Feature","properties":{"name":"","kind":"footway"},"geometry":{"type":"LineString","coordinates":[[101.7153183,3.1530105],[101.7152963,3.1530743],[101.7153089,3.1535107]]}},{"type":"Feature","properties":{"name":"","kind":"footway"},"geometry":{"type":"LineString","coordinates":[[101.7151324,3.153435],[101.7151172,3.1530924],[101.7150627,3.153007]]}},{"type":"Feature","properties":{"name":"","kind":"footway"},"geometry":{"type":"LineString","coordinates":[[101.7153089,3.1535107],[101.7152963,3.1530743],[101.7153183,3.1530105]]}},{"type":"Feature","properties":{"name":"","kind":"service"},"geometry":{"type":"LineString","coordinates":[[101.7139999,3.1528096],[101.7139909,3.1528586]]}},{"type":"Feature","properties":{"name":"","kind":"footway"},"geometry":{"type":"LineString","coordinates":[[101.7139999,3.1528096],[101.7138948,3.1527665]]}},{"type":"Feature","properties":{"name":"","kind":"service"},"geometry":{"type":"LineString","coordinates":[[101.7139999,3.1528096],[101.7140051,3.1527811],[101.7140101,3.1527178],[101.7139507,3.1527617],[101.7138948,3.1527665]]}},{"type":"Feature","properties":{"name":"","kind":"footway"},"geometry":{"type":"LineString","coordinates":[[101.7139999,3.1528096],[101.7140647,3.1528195],[101.7143403,3.1528546],[101.7145862,3.1528677],[101.7146371,3.1528649],[101.7147158,3.1528634]]}},{"type":"Feature","properties":{"name":"","kind":"service"},"geometry":{"type":"LineString","coordinates":[[101.7138948,3.1527665],[101.7138381,3.1527714]]}},{"type":"Feature","properties":{"name":"","kind":"footway"},"geometry":{"type":"LineString","coordinates":[[101.7138948,3.1527665],[101.7139999,3.1528096]]}},{"type":"Feature","properties":{"name":"","kind":"service"},"geometry":{"type":"LineString","coordinates":[[101.7138948,3.1527665],[101.7139507,3.1527617],[101.7140101,3.1527178],[101.7140051,3.1527811],[101.7139999,3.1528096]]}},{"type":"Feature","properties":{"name":"","kind":"footway"},"geometry":{"type":"LineString","coordinates":[[101.7138948,3.1527665],[101.7138144,3.1527196],[101.713611,3.1525605],[101.7135062,3.15239],[101.7133768,3.1521847],[101.7131234,3.1515943]]}},{"type":"Feature","properties":{"name":"","kind":"footway"},"geometry":{"type":"LineString","coordinates":[[101.7131234,3.1515943],[101.7133768,3.1521847],[101.7135062,3.15239],[101.713611,3.1525605],[101.7138144,3.1527196],[101.7138948,3.1527665]]}},{"type":"Feature","properties":{"name":"","kind":"footway"},"geometry":{"type":"LineString","coordinates":[[101.7117094,3.1524552],[101.7117092,3.1525318],[101.7117281,3.1526204],[101.7117599,3.1526646]]}},{"type":"Feature","properties":{"name":"","kind":"footway"},"geometry":{"type":"LineString","coordinates":[[101.7119436,3.152915],[101.7118464,3.1527999],[101.7117685,3.1526766],[101.7117599,3.1526646]]}},{"type":"Feature","properties":{"name":"","kind":"footway"},"geometry":{"type":"LineString","coordinates":[[101.7116982,3.1527258],[101.7117295,3.1526917]]}},{"type":"Feature","properties":{"name":"","kind":"footway"},"geometry":{"type":"LineString","coordinates":[[101.7116982,3.1527258],[101.7116611,3.1527677]]}},{"type":"Feature","properties":{"name":"","kind":"residential"},"geometry":{"type":"LineString","coordinates":[[101.7116982,3.1527258],[101.7116308,3.1526714],[101.7115144,3.1525873],[101.7114116,3.1525489],[101.7113279,3.152539],[101.7112415,3.1525483]]}},{"type":"Feature","properties":{"name":"","kind":"residential"},"geometry":{"type":"LineString","coordinates":[[101.7116982,3.1527258],[101.7117702,3.152784],[101.7120346,3.1530844],[101.7120527,3.1531112],[101.7120571,3.1531299],[101.7120554,3.1531453],[101.712053,3.1531654]]}},{"type":"Feature","properties":{"name":"","kind":"footway"},"geometry":{"type":"LineString","coordinates":[[101.7117295,3.1526917],[101.7117599,3.1526646]]}},{"type":"Feature","properties":{"name":"","kind":"footway"},"geometry":{"type":"LineString","coordinates":[[101.7117295,3.1526917],[101.7116982,3.1527258]]}},{"type":"Feature","properties":{"name":"","kind":"residential"},"geometry":{"type":"LineString","coordinates":[[101.7117295,3.1526917],[101.711795,3.1527706],[101.7119984,3.1530044],[101.7120599,3.1530613],[101.7120812,3.1530723],[101.712099,3.1530784],[101.7121446,3.1530834],[101.7122106,3.1530837]]}},{"type":"Feature","properties":{"name":"","kind":"residential"},"geometry":{"type":"LineString","coordinates":[[101.7117295,3.1526917],[101.7116829,3.1526355],[101.7116652,3.152596],[101.7116507,3.1525471],[101.7116353,3.1524368],[101.7116759,3.1522765]]}},{"type":"Feature","properties":{"name":"","kind":"footway"},"geometry":{"type":"LineString","coordinates":[[101.7117599,3.1526646],[101.7117295,3.1526917]]}},{"type":"Feature","properties":{"name":"","kind":"footway"},"geometry":{"type":"LineString","coordinates":[[101.7117599,3.1526646],[101.7117685,3.1526766],[101.7118464,3.1527999],[101.7119436,3.152915]]}},{"type":"Feature","properties":{"name":"","kind":"footway"},"geometry":{"type":"LineString","coordinates":[[101.7117599,3.1526646],[101.7117281,3.1526204],[101.7117092,3.1525318],[101.7117094,3.1524552]]}},{"type":"Feature","properties":{"name":"Jalan Sultan Ismail","kind":"secondary"},"geometry":{"type":"LineString","coordinates":[[101.7077713,3.1537086],[101.7079756,3.1535121]]}},{"type":"Feature","properties":{"name":"","kind":"footway"},"geometry":{"type":"LineString","coordinates":[[101.7077713,3.1537086],[101.7078724,3.1538094]]}},{"type":"Feature","properties":{"name":"Jalan Sultan Ismail","kind":"secondary"},"geometry":{"type":"LineString","coordinates":[[101.7078724,3.1538094],[101.7077257,3.1539472]]}},{"type":"Feature","properties":{"name":"","kind":"footway"},"geometry":{"type":"LineString","coordinates":[[101.7078724,3.1538094],[101.7077713,3.1537086]]}},{"type":"Feature","properties":{"name":"","kind":"footway"},"geometry":{"type":"LineString","coordinates":[[101.7078724,3.1538094],[101.7078943,3.153843]]}},{"type":"Feature","properties":{"name":"Jalan Sultan Ismail","kind":"secondary"},"geometry":{"type":"LineString","coordinates":[[101.7078724,3.1538094],[101.7079569,3.1537424],[101.7080794,3.1536302]]}},{"type":"Feature","properties":{"name":"","kind":"footway"},"geometry":{"type":"LineString","coordinates":[[101.7078943,3.153843],[101.7078724,3.1538094]]}},{"type":"Feature","properties":{"name":"","kind":"footway"},"geometry":{"type":"LineString","coordinates":[[101.7078943,3.153843],[101.7078115,3.1539498],[101.7081742,3.1543404],[101.7082268,3.1543817],[101.7082675,3.1543815],[101.7084442,3.1543384],[101.7086706,3.1540813],[101.7087701,3.1539819],[101.7090137,3.153796]]}},{"type":"Feature","properties":{"name":"","kind":"footway"},"geometry":{"type":"LineString","coordinates":[[101.7078943,3.153843],[101.7079175,3.1538226],[101.7080328,3.1537261],[101.708142,3.1536771]]}},{"type":"Feature","properties":{"name":"","kind":"footway"},"geometry":{"type":"LineString","coordinates":[[101.7076634,3.1536201],[101.7075701,3.1535201]]}},{"type":"Feature","properties":{"name":"","kind":"secondary_link"},"geometry":{"type":"LineString","coordinates":[[101.7076634,3.1536201],[101.7077026,3.1536182],[101.7077702,3.1536105],[101.7079756,3.1535121]]}},{"type":"Feature","properties":{"name":"","kind":"footway"},"geometry":{"type":"LineString","coordinates":[[101.7075701,3.1535201],[101.7076634,3.1536201]]}},{"type":"Feature","properties":{"name":"","kind":"footway"},"geometry":{"type":"LineString","coordinates":[[101.7075701,3.1535201],[101.7077313,3.1535184],[101.707863,3.1534617],[101.7079403,3.1534241]]}},{"type":"Feature","properties":{"name":"","kind":"service"},"geometry":{"type":"LineString","coordinates":[[101.7079403,3.1534241],[101.707928,3.1534023]]}},{"type":"Feature","properties":{"name":"","kind":"service"},"geometry":{"type":"LineString","coordinates":[[101.7079403,3.1534241],[101.7079853,3.1535037]]}},{"type":"Feature","properties":{"name":"","kind":"footway"},"geometry":{"type":"LineString","coordinates":[[101.7079403,3.1534241],[101.7080132,3.1533863]]}},{"type":"Feature","properties":{"name":"","kind":"footway"},"geometry":{"type":"LineString","coordinates":[[101.7079403,3.1534241],[101.707863,3.1534617],[101.7077313,3.1535184],[101.7075701,3.1535201]]}},{"type":"Feature","properties":{"name":"","kind":"service"},"geometry":{"type":"LineString","coordinates":[[101.7085757,3.1530845],[101.7085987,3.1531509]]}},{"type":"Feature","properties":{"name":"","kind":"service"},"geometry":{"type":"LineString","coordinates":[[101.7085757,3.1530845],[101.7085265,3.1529424],[101.7087525,3.1528527]]}},{"type":"Feature","properties":{"name":"","kind":"footway"},"geometry":{"type":"LineString","coordinates":[[101.7085757,3.1530845],[101.7086281,3.1530588],[101.7091127,3.1528218]]}},{"type":"Feature","properties":{"name":"","kind":"footway"},"geometry":{"type":"LineString","coordinates":[[101.7085757,3.1530845],[101.7085262,3.1531111],[101.7084263,3.1531647]]}},{"type":"Feature","properties":{"name":"","kind":"service"},"geometry":{"type":"LineString","coordinates":[[101.7082164,3.1566486],[101.7081618,3.1566449]]}},{"type":"Feature","properties":{"name":"Jalan Law Yew Swee","kind":"residential"},"geometry":{"type":"LineString","coordinates":[[101.7082164,3.1566486],[101.7082251,3.1568348],[101.7082435,3.1568771],[101.7082693,3.156905],[101.7089006,3.1570609]]}},{"type":"Feature","properties":{"name":["Jalan Law Yew Swee","Jalan Cangkat Perak"],"kind":"residential"},"geometry":{"type":"LineString","coordinates":[[101.7082164,3.1566486],[101.7082014,3.1563285],[101.7081945,3.1562564],[101.7081743,3.1562033]]}},{"type":"Feature","properties":{"name":"","kind":"service"},"geometry":{"type":"LineString","coordinates":[[101.7081618,3.1566449],[101.7082164,3.1566486]]}},{"type":"Feature","properties":{"name":"","kind":"service"},"geometry":{"type":"LineString","coordinates":[[101.7091263,3.1571337],[101.7091522,3.157071]]}},{"type":"Feature","properties":{"name":"","kind":"service"},"geometry":{"type":"LineString","coordinates":[[101.7091263,3.1571337],[101.7091117,3.157169],[101.7090628,3.1572126],[101.7089985,3.1572285],[101.7086572,3.1571729]]}},{"type":"Feature","properties":{"name":"","kind":"service"},"geometry":{"type":"LineString","coordinates":[[101.7091263,3.1571337],[101.7091786,3.1572191],[101.7088952,3.1576696],[101.7088379,3.1578281],[101.7088198,3.1578828],[101.7088021,3.1579397]]}},{"type":"Feature","properties":{"name":"","kind":"footway"},"geometry":{"type":"LineString","coordinates":[[101.7118,3.1521015],[101.7119568,3.1521872]]}},{"type":"Feature","properties":{"name":"KLCC-Bukit Bintang Pedestrian Walkway","kind":"footway"},"geometry":{"type":"LineString","coordinates":[[101.7118,3.1521015],[101.7119072,3.1518871],[101.7121051,3.1515121],[101.7121379,3.1514122],[101.7121976,3.1507248],[101.7122461,3.1506121],[101.7123063,3.1505356]]}},{"type":"Feature","properties":{"name":"KLCC-Bukit Bintang Pedestrian Walkway","kind":"footway"},"geometry":{"type":"LineString","coordinates":[[101.7118,3.1521015],[101.711566,3.1525694],[101.7116364,3.1526542]]}},{"type":"Feature","properties":{"name":"","kind":"footway"},"geometry":{"type":"LineString","coordinates":[[101.7105066,3.1509678],[101.7104441,3.1512328],[101.7104127,3.151381],[101.7102284,3.1517407],[101.710183,3.1518313],[101.7101208,3.151928],[101.7101197,3.1519582],[101.7101046,3.1519951]]}},{"type":"Feature","properties":{"name":"","kind":"service"},"geometry":{"type":"LineString","coordinates":[[101.7089231,3.1539719],[101.7089489,3.1540208]]}},{"type":"Feature","properties":{"name":"Jalan Perak","kind":"tertiary"},"geometry":{"type":"LineString","coordinates":[[101.7089231,3.1539719],[101.7087438,3.1541236]]}},{"type":"Feature","properties":{"name":"Jalan Perak","kind":"tertiary"},"geometry":{"type":"LineString","coordinates":[[101.7089231,3.1539719],[101.7090845,3.1538353],[101.7091527,3.1537968]]}},{"type":"Feature","properties":{"name":"","kind":"footway"},"geometry":{"type":"LineString","coordinates":[[101.7089489,3.1540208],[101.7087838,3.1541634]]}},{"type":"Feature","properties":{"name":"","kind":"service"},"geometry":{"type":"LineString","coordinates":[[101.7089489,3.1540208],[101.7089231,3.1539719]]}},{"type":"Feature","properties":{"name":"","kind":"footway"},"geometry":{"type":"LineString","coordinates":[[101.7089489,3.1540208],[101.709114,3.1538781],[101.709513,3.1536668]]}},{"type":"Feature","properties":{"name":"","kind":"service"},"geometry":{"type":"LineString","coordinates":[[101.7089489,3.1540208],[101.7089954,3.1541089],[101.709059,3.1541252],[101.7091274,3.1541207],[101.7095552,3.1538575],[101.7095621,3.1538231],[101.7095569,3.1537865],[101.709513,3.1536668]]}},{"type":"Feature","properties":{"name":"","kind":"service"},"geometry":{"type":"LineString","coordinates":[[101.709513,3.1536668],[101.7094924,3.1536106]]}},{"type":"Feature","properties":{"name":"","kind":"footway"},"geometry":{"type":"LineString","coordinates":[[101.709513,3.1536668],[101.7097953,3.1535172],[101.7098531,3.1534856]]}},{"type":"Feature","properties":{"name":"","kind":"footway"},"geometry":{"type":"LineString","coordinates":[[101.709513,3.1536668],[101.709114,3.1538781],[101.7089489,3.1540208]]}},{"type":"Feature","properties":{"name":"","kind":"service"},"geometry":{"type":"LineString","coordinates":[[101.709513,3.1536668],[101.7095569,3.1537865],[101.7095621,3.1538231],[101.7095552,3.1538575],[101.7091274,3.1541207],[101.709059,3.1541252],[101.7089954,3.1541089],[101.7089489,3.1540208]]}},{"type":"Feature","properties":{"name":"Jalan Pinang","kind":"tertiary"},"geometry":{"type":"LineString","coordinates":[[101.7111278,3.154613],[101.7115177,3.1540759]]}},{"type":"Feature","properties":{"name":"Jalan Pinang","kind":"tertiary"},"geometry":{"type":"LineString","coordinates":[[101.7111278,3.154613],[101.7111227,3.1546201]]}},{"type":"Feature","properties":{"name":"","kind":"service"},"geometry":{"type":"LineString","coordinates":[[101.7111278,3.154613],[101.7112315,3.1546611]]}},{"type":"Feature","properties":{"name":"","kind":"service"},"geometry":{"type":"LineString","coordinates":[[101.7117505,3.1549015],[101.7119387,3.1545444]]}},{"type":"Feature","properties":{"name":"","kind":"service"},"geometry":{"type":"LineString","coordinates":[[101.7117505,3.1549015],[101.7116439,3.1548521]]}},{"type":"Feature","properties":{"name":"","kind":["footway","steps"]},"geometry":{"type":"LineString","coordinates":[[101.7117505,3.1549015],[101.7118754,3.154965],[101.711973,3.1550104],[101.7119862,3.1551129],[101.7120693,3.15511]]}},{"type":"Feature","properties":{"name":"","kind":"service"},"geometry":{"type":"LineString","coordinates":[[101.7119387,3.1545444],[101.711836,3.1544931]]}},{"type":"Feature","properties":{"name":"","kind":"service"},"geometry":{"type":"LineString","coordinates":[[101.7119387,3.1545444],[101.7117505,3.1549015]]}},{"type":"Feature","properties":{"name":"","kind":"steps"},"geometry":{"type":"LineString","coordinates":[[101.7119387,3.1545444],[101.7120145,3.1545802]]}},{"type":"Feature","properties":{"name":"","kind":"service"},"geometry":{"type":"LineString","coordinates":[[101.7113061,3.1546956],[101.7114083,3.154743]]}},{"type":"Feature","properties":{"name":"","kind":"service"},"geometry":{"type":"LineString","coordinates":[[101.7113061,3.1546956],[101.7112605,3.1546745],[101.7112315,3.1546611]]}},{"type":"Feature","properties":{"name":"","kind":"service"},"geometry":{"type":"LineString","coordinates":[[101.7113061,3.1546956],[101.7115129,3.1543318],[101.7116043,3.1543774]]}},{"type":"Feature","properties":{"name":"","kind":"service"},"geometry":{"type":"LineString","coordinates":[[101.7116609,3.1544056],[101.7117188,3.1544346]]}},{"type":"Feature","properties":{"name":"","kind":"service"},"geometry":{"type":"LineString","coordinates":[[101.7116609,3.1544056],[101.7116347,3.1543926],[101.7116043,3.1543774]]}},{"type":"Feature","properties":{"name":"","kind":"service"},"geometry":{"type":"LineString","coordinates":[[101.7116609,3.1544056],[101.7116164,3.1543372],[101.711567,3.1542552],[101.7115501,3.154214]]}},{"type":"Feature","properties":{"name":"","kind":"service"},"geometry":{"type":"LineString","coordinates":[[101.7114083,3.154743],[101.7115219,3.1547956]]}},{"type":"Feature","properties":{"name":"","kind":"service"},"geometry":{"type":"LineString","coordinates":[[101.7114083,3.154743],[101.7113061,3.1546956]]}},{"type":"Feature","properties":{"name":"","kind":"service"},"geometry":{"type":"LineString","coordinates":[[101.7114083,3.154743],[101.7116043,3.1543774]]}},{"type":"Feature","properties":{"name":"","kind":"service"},"geometry":{"type":"LineString","coordinates":[[101.7116043,3.1543774],[101.7114083,3.154743]]}},{"type":"Feature","properties":{"name":"","kind":"service"},"geometry":{"type":"LineString","coordinates":[[101.7116043,3.1543774],[101.7115129,3.1543318],[101.7113061,3.1546956]]}},{"type":"Feature","properties":{"name":"","kind":"service"},"geometry":{"type":"LineString","coordinates":[[101.7116043,3.1543774],[101.7116347,3.1543926],[101.7116609,3.1544056]]}},{"type":"Feature","properties":{"name":"","kind":"service"},"geometry":{"type":"LineString","coordinates":[[101.7115219,3.1547956],[101.7116439,3.1548521]]}},{"type":"Feature","properties":{"name":"","kind":"service"},"geometry":{"type":"LineString","coordinates":[[101.7115219,3.1547956],[101.7114083,3.154743]]}},{"type":"Feature","properties":{"name":"","kind":"service"},"geometry":{"type":"LineString","coordinates":[[101.7115219,3.1547956],[101.7117188,3.1544346]]}},{"type":"Feature","properties":{"name":"","kind":"service"},"geometry":{"type":"LineString","coordinates":[[101.7117188,3.1544346],[101.7116609,3.1544056]]}},{"type":"Feature","properties":{"name":"","kind":"service"},"geometry":{"type":"LineString","coordinates":[[101.7117188,3.1544346],[101.711836,3.1544931]]}},{"type":"Feature","properties":{"name":"","kind":"service"},"geometry":{"type":"LineString","coordinates":[[101.7117188,3.1544346],[101.7115219,3.1547956]]}},{"type":"Feature","properties":{"name":"","kind":"service"},"geometry":{"type":"LineString","coordinates":[[101.7116439,3.1548521],[101.7117505,3.1549015]]}},{"type":"Feature","properties":{"name":"","kind":"service"},"geometry":{"type":"LineString","coordinates":[[101.7116439,3.1548521],[101.7115219,3.1547956]]}},{"type":"Feature","properties":{"name":"","kind":"service"},"geometry":{"type":"LineString","coordinates":[[101.7116439,3.1548521],[101.711836,3.1544931]]}},{"type":"Feature","properties":{"name":"","kind":"service"},"geometry":{"type":"LineString","coordinates":[[101.711836,3.1544931],[101.7117188,3.1544346]]}},{"type":"Feature","properties":{"name":"","kind":"service"},"geometry":{"type":"LineString","coordinates":[[101.711836,3.1544931],[101.7119387,3.1545444]]}},{"type":"Feature","properties":{"name":"","kind":"service"},"geometry":{"type":"LineString","coordinates":[[101.711836,3.1544931],[101.7116439,3.1548521]]}},{"type":"Feature","properties":{"name":"","kind":"footway"},"geometry":{"type":"LineString","coordinates":[[101.7178903,3.1521942],[101.7178535,3.1521164]]}},{"type":"Feature","properties":{"name":"","kind":"footway"},"geometry":{"type":"LineString","coordinates":[[101.7178903,3.1521942],[101.7179312,3.1522842]]}},{"type":"Feature","properties":{"name":"Jalan Kia Peng","kind":"tertiary"},"geometry":{"type":"LineString","coordinates":[[101.7178903,3.1521942],[101.7184225,3.1519129]]}},{"type":"Feature","properties":{"name":"Jalan Kia Peng","kind":"tertiary"},"geometry":{"type":"LineString","coordinates":[[101.7178903,3.1521942],[101.7178392,3.1522226]]}},{"type":"Feature","properties":{"name":"Jalan Stonor","kind":"residential"},"geometry":{"type":"LineString","coordinates":[[101.7177995,3.1521472],[101.7178392,3.1522226]]}},{"type":"Feature","properties":{"name":"","kind":"footway"},"geometry":{"type":"LineString","coordinates":[[101.7177995,3.1521472],[101.717763,3.152168]]}},{"type":"Feature","properties":{"name":"","kind":"footway"},"geometry":{"type":"LineString","coordinates":[[101.7177995,3.1521472],[101.7178535,3.1521164]]}},{"type":"Feature","properties":{"name":"Jalan Stonor","kind":"residential"},"geometry":{"type":"LineString","coordinates":[[101.7177995,3.1521472],[101.7177611,3.152074],[101.7173981,3.1513713],[101.7173634,3.1513097],[101.7173182,3.1512085],[101.7172819,3.1510873]]}},{"type":"Feature","properties":{"name":"","kind":"tertiary_link"},"geometry":{"type":"LineString","coordinates":[[101.7177994,3.1523741],[101.7177748,3.1523666]]}},{"type":"Feature","properties":{"name":"","kind":"footway"},"geometry":{"type":"LineString","coordinates":[[101.7177994,3.1523741],[101.7177922,3.1523887]]}},{"type":"Feature","properties":{"name":"","kind":"footway"},"geometry":{"type":"LineString","coordinates":[[101.7177994,3.1523741],[101.717813,3.1523467]]}},{"type":"Feature","properties":{"name":"","kind":"tertiary_link"},"geometry":{"type":"LineString","coordinates":[[101.7177994,3.1523741],[101.7178135,3.1523784],[101.7178752,3.1524092],[101.7179497,3.152458]]}},{"type":"Feature","properties":{"name":"Jalan Changkat Kia Peng","kind":"residential"},"geometry":{"type":"LineString","coordinates":[[101.7162734,3.1517168],[101.7162886,3.1517698],[101.7162865,3.1518702],[101.7162538,3.1519653],[101.7162024,3.1520237],[101.7161331,3.152059],[101.7160328,3.1520697]]}},{"type":"Feature","properties":{"name":"Jalan Changkat Kia Peng","kind":"residential"},"geometry":{"type":"LineString","coordinates":[[101.7162734,3.1517168],[101.7162611,3.1516738],[101.7162386,3.1516371]]}},{"type":"Feature","properties":{"name":"Jalan Changkat Kia Peng","kind":"residential"},"geometry":{"type":"LineString","coordinates":[[101.7162386,3.1516371],[101.7162611,3.1516738],[101.7162734,3.1517168]]}},{"type":"Feature","properties":{"name":"Jalan Changkat Kia Peng","kind":"residential"},"geometry":{"type":"LineString","coordinates":[[101.7162386,3.1516371],[101.7162088,3.1515887],[101.7161357,3.1515207],[101.7160617,3.1514802],[101.7157853,3.151378],[101.7155225,3.1513185],[101.7153085,3.1513349],[101.7151049,3.1514174],[101.7149301,3.1515662],[101.7149011,3.1515871],[101.7148444,3.1516934],[101.7147883,3.1518361],[101.7147645,3.1519876],[101.7147158,3.1528634]]}},{"type":"Feature","properties":{"name":"Jalan Perak","kind":"tertiary"},"geometry":{"type":"LineString","coordinates":[[101.7095799,3.153558],[101.7094924,3.1536106]]}},{"type":"Feature","properties":{"name":"Jalan Perak","kind":"tertiary"},"geometry":{"type":"LineString","coordinates":[[101.7095799,3.153558],[101.709653,3.1535141]]}},{"type":"Feature","properties":{"name":"","kind":"service"},"geometry":{"type":"LineString","coordinates":[[101.7095799,3.153558],[101.7096676,3.1535605],[101.7098359,3.1534612]]}},{"type":"Feature","properties":{"name":"","kind":"service"},"geometry":{"type":"LineString","coordinates":[[101.7081542,3.1529227],[101.7081432,3.152894]]}},{"type":"Feature","properties":{"name":"","kind":"footway"},"geometry":{"type":"LineString","coordinates":[[101.7091127,3.1528218],[101.7086281,3.1530588],[101.7085757,3.1530845]]}},{"type":"Feature","properties":{"name":"","kind":"footway"},"geometry":{"type":"LineString","coordinates":[[101.7084263,3.1531647],[101.7083848,3.1531871]]}},{"type":"Feature","properties":{"name":"","kind":["footway","steps"]},"geometry":{"type":"LineString","coordinates":[[101.7084263,3.1531647],[101.7083928,3.1530683],[101.708338,3.1528938]]}},{"type":"Feature","properties":{"name":"","kind":"footway"},"geometry":{"type":"LineString","coordinates":[[101.7084263,3.1531647],[101.7085262,3.1531111],[101.7085757,3.1530845]]}},{"type":"Feature","properties":{"name":"","kind":["footway","steps"]},"geometry":{"type":"LineString","coordinates":[[101.708338,3.1528938],[101.7083928,3.1530683],[101.7084263,3.1531647]]}},{"type":"Feature","properties":{"name":"Jalan Sultan Ismail","kind":"secondary"},"geometry":{"type":"LineString","coordinates":[[101.7084605,3.1532158],[101.7085987,3.1531509]]}},{"type":"Feature","properties":{"name":"","kind":"service"},"geometry":{"type":"LineString","coordinates":[[101.7084605,3.1532158],[101.7083848,3.1531871]]}},{"type":"Feature","properties":{"name":"Jalan Sultan Ismail","kind":"secondary"},"geometry":{"type":"LineString","coordinates":[[101.7084605,3.1532158],[101.7083895,3.1532492],[101.7082452,3.1533297],[101.7081247,3.1534005],[101.7080098,3.1534855]]}},{"type":"Feature","properties":{"name":"","kind":"service"},"geometry":{"type":"LineString","coordinates":[[101.7083386,3.1531671],[101.7080133,3.153348]]}},{"type":"Feature","properties":{"name":"","kind":"service"},"geometry":{"type":"LineString","coordinates":[[101.7083386,3.1531671],[101.7083848,3.1531871]]}},{"type":"Feature","properties":{"name":"","kind":"service"},"geometry":{"type":"LineString","coordinates":[[101.7083386,3.1531671],[101.708378,3.1531245],[101.708288,3.1528314],[101.7081432,3.152894]]}},{"type":"Feature","properties":{"name":"","kind":"service"},"geometry":{"type":"LineString","coordinates":[[101.7080133,3.153348],[101.7080132,3.1533863]]}},{"type":"Feature","properties":{"name":"","kind":"service"},"geometry":{"type":"LineString","coordinates":[[101.7080133,3.153348],[101.7083386,3.1531671]]}},{"type":"Feature","properties":{"name":"","kind":"service"},"geometry":{"type":"LineString","coordinates":[[101.7080133,3.153348],[101.7079613,3.1533401],[101.7078339,3.1530278],[101.7081432,3.152894]]}},{"type":"Feature","properties":{"name":"Jalan Sultan Ismail","kind":"secondary"},"geometry":{"type":"LineString","coordinates":[[101.7080098,3.1534855],[101.7079853,3.1535037]]}},{"type":"Feature","properties":{"name":"","kind":"service"},"geometry":{"type":"LineString","coordinates":[[101.7080098,3.1534855],[101.7080132,3.1533863]]}},{"type":"Feature","properties":{"name":"Jalan Sultan Ismail","kind":"secondary"},"geometry":{"type":"LineString","coordinates":[[101.7080098,3.1534855],[101.7081247,3.1534005],[101.7082452,3.1533297],[101.7083895,3.1532492],[101.7084605,3.1532158]]}},{"type":"Feature","properties":{"name":"","kind":"footway"},"geometry":{"type":"LineString","coordinates":[[101.7083848,3.1531871],[101.7084263,3.1531647]]}},{"type":"Feature","properties":{"name":"","kind":"service"},"geometry":{"type":"LineString","coordinates":[[101.7083848,3.1531871],[101.7083386,3.1531671]]}},{"type":"Feature","properties":{"name":"","kind":"service"},"geometry":{"type":"LineString","coordinates":[[101.7083848,3.1531871],[101.7084605,3.1532158]]}},{"type":"Feature","properties":{"name":"","kind":"footway"},"geometry":{"type":"LineString","coordinates":[[101.7083848,3.1531871],[101.708035,3.153375],[101.7080132,3.1533863]]}},{"type":"Feature","properties":{"name":"","kind":"footway"},"geometry":{"type":"LineString","coordinates":[[101.7080132,3.1533863],[101.7079403,3.1534241]]}},{"type":"Feature","properties":{"name":"","kind":"service"},"geometry":{"type":"LineString","coordinates":[[101.7080132,3.1533863],[101.7080098,3.1534855]]}},{"type":"Feature","properties":{"name":"","kind":"service"},"geometry":{"type":"LineString","coordinates":[[101.7080132,3.1533863],[101.7080133,3.153348]]}},{"type":"Feature","properties":{"name":"","kind":"footway"},"geometry":{"type":"LineString","coordinates":[[101.7080132,3.1533863],[101.708035,3.153375],[101.7083848,3.1531871]]}},{"type":"Feature","properties":{"name":"","kind":"service"},"geometry":{"type":"LineString","coordinates":[[101.7081432,3.152894],[101.7081542,3.1529227]]}},{"type":"Feature","properties":{"name":"","kind":"service"},"geometry":{"type":"LineString","coordinates":[[101.7081432,3.152894],[101.708288,3.1528314],[101.708378,3.1531245],[101.7083386,3.1531671]]}},{"type":"Feature","properties":{"name":"","kind":"service"},"geometry":{"type":"LineString","coordinates":[[101.7081432,3.152894],[101.7078339,3.1530278],[101.7079613,3.1533401],[101.7080133,3.153348]]}},{"type":"Feature","properties":{"name":"","kind":"footway"},"geometry":{"type":"LineString","coordinates":[[101.716729,3.156923],[101.7168021,3.1571156],[101.7165891,3.1572027],[101.7164952,3.1573373],[101.7166581,3.1574181],[101.7166654,3.1574658]]}},{"type":"Feature","properties":{"name":"","kind":"footway"},"geometry":{"type":"LineString","coordinates":[[101.716729,3.156923],[101.716708,3.156819],[101.7167064,3.1567329]]}},{"type":"Feature","properties":{"name":"","kind":"footway"},"geometry":{"type":"LineString","coordinates":[[101.716729,3.156923],[101.7165317,3.1569064],[101.7164428,3.15688],[101.7163317,3.1568267],[101.7162729,3.1567852]]}},{"type":"Feature","properties":{"name":"","kind":"footway"},"geometry":{"type":"LineString","coordinates":[[101.7162729,3.1567852],[101.7162687,3.156575]]}},{"type":"Feature","properties":{"name":"","kind":"footway"},"geometry":{"type":"LineString","coordinates":[[101.7162729,3.1567852],[101.7163317,3.1568267],[101.7164428,3.15688],[101.7165317,3.1569064],[101.716729,3.156923]]}},{"type":"Feature","properties":{"name":"","kind":"footway"},"geometry":{"type":"LineString","coordinates":[[101.7162729,3.1567852],[101.7158656,3.1569069],[101.7157599,3.1569779]]}},{"type":"Feature","properties":{"name":"","kind":"footway"},"geometry":{"type":"LineString","coordinates":[[101.7162687,3.156575],[101.7162729,3.1567852]]}},{"type":"Feature","properties":{"name":"","kind":"footway"},"geometry":{"type":"LineString","coordinates":[[101.7162687,3.156575],[101.716411,3.1565499],[101.7167064,3.1567329]]}},{"type":"Feature","properties":{"name":"","kind":"footway"},"geometry":{"type":"LineString","coordinates":[[101.7162687,3.156575],[101.7157214,3.1566939],[101.7155657,3.15671],[101.7152663,3.1566685],[101.7152375,3.1566645]]}},{"type":"Feature","properties":{"name":"","kind":"footway"},"geometry":{"type":"LineString","coordinates":[[101.7162687,3.156575],[101.7162596,3.1564435],[101.7162211,3.1562861]]}},{"type":"Feature","properties":{"name":"","kind":"footway"},"geometry":{"type":"LineString","coordinates":[[101.7156632,3.1569756],[101.7156302,3.1570414]]}},{"type":"Feature","properties":{"name":"","kind":"footway"},"geometry":{"type":"LineString","coordinates":[[101.7156632,3.1569756],[101.7157117,3.1569927],[101.7157599,3.1569779]]}},{"type":"Feature","properties":{"name":"","kind":"footway"},"geometry":{"type":"LineString","coordinates":[[101.7156632,3.1569756],[101.7155447,3.156932],[101.7154169,3.1569275],[101.7153096,3.1568405],[101.7152618,3.1567474]]}},{"type":"Feature","properties":{"name":"","kind":"footway"},"geometry":{"type":"LineString","coordinates":[[101.7156302,3.1570414],[101.7156632,3.1569756]]}},{"type":"Feature","properties":{"name":"","kind":"footway"},"geometry":{"type":"LineString","coordinates":[[101.7162211,3.1562861],[101.7161403,3.1561319]]}},{"type":"Feature","properties":{"name":"","kind":"footway"},"geometry":{"type":"LineString","coordinates":[[101.7162211,3.1562861],[101.7162596,3.1564435],[101.7162687,3.156575]]}},{"type":"Feature","properties":{"name":"","kind":"footway"},"geometry":{"type":"LineString","coordinates":[[101.7162211,3.1562861],[101.7164998,3.1561169],[101.7168238,3.1561617]]}},{"type":"Feature","properties":{"name":"","kind":"footway"},"geometry":{"type":"LineString","coordinates":[[101.7167064,3.1567329],[101.716708,3.156819],[101.716729,3.156923]]}},{"type":"Feature","properties":{"name":"","kind":"footway"},"geometry":{"type":"LineString","coordinates":[[101.7167064,3.1567329],[101.7168734,3.1566389],[101.7169424,3.1565618],[101.7169613,3.1564253],[101.7169493,3.1563275],[101.7168238,3.1561617]]}},{"type":"Feature","properties":{"name":"","kind":"footway"},"geometry":{"type":"LineString","coordinates":[[101.7167064,3.1567329],[101.716411,3.1565499],[101.7162687,3.156575]]}},{"type":"Feature","properties":{"name":"","kind":"footway"},"geometry":{"type":"LineString","coordinates":[[101.7157599,3.1569779],[101.7158272,3.1570561],[101.7157811,3.1571176],[101.7157569,3.1572007],[101.715765,3.157243],[101.7157221,3.1573926]]}},{"type":"Feature","properties":{"name":"","kind":"footway"},"geometry":{"type":"LineString","coordinates":[[101.7157599,3.1569779],[101.7158656,3.1569069],[101.7162729,3.1567852]]}},{"type":"Feature","properties":{"name":"","kind":"footway"},"geometry":{"type":"LineString","coordinates":[[101.7157599,3.1569779],[101.7157117,3.1569927],[101.7156632,3.1569756]]}},{"type":"Feature","properties":{"name":"","kind":"footway"},"geometry":{"type":"LineString","coordinates":[[101.7150035,3.1567309],[101.7150075,3.1567553]]}},{"type":"Feature","properties":{"name":"","kind":"footway"},"geometry":{"type":"LineString","coordinates":[[101.7150035,3.1567309],[101.7150324,3.1567245],[101.7151384,3.1567189],[101.7152062,3.1567298],[101.7152618,3.1567474]]}},{"type":"Feature","properties":{"name":"","kind":"footway"},"geometry":{"type":"LineString","coordinates":[[101.7150035,3.1567309],[101.7149449,3.1567438],[101.7148621,3.156762],[101.7147254,3.1567526],[101.7141606,3.1569821]]}},{"type":"Feature","properties":{"name":"","kind":"footway"},"geometry":{"type":"LineString","coordinates":[[101.7150009,3.1566565],[101.7150424,3.156634]]}},{"type":"Feature","properties":{"name":"","kind":"footway"},"geometry":{"type":"LineString","coordinates":[[101.7150009,3.1566565],[101.715123,3.1566484],[101.7152375,3.1566645]]}},{"type":"Feature","properties":{"name":"","kind":"footway"},"geometry":{"type":"LineString","coordinates":[[101.7150009,3.1566565],[101.7149439,3.1566636],[101.7147276,3.1567049],[101.7142369,3.156762]]}},{"type":"Feature","properties":{"name":"","kind":"footway"},"geometry":{"type":"LineString","coordinates":[[101.7156939,3.1575011],[101.7157221,3.1573926]]}},{"type":"Feature","properties":{"name":"","kind":"footway"},"geometry":{"type":"LineString","coordinates":[[101.7156939,3.1575011],[101.7156306,3.1574795],[101.7156727,3.157374],[101.7157221,3.1573926]]}},{"type":"Feature","properties":{"name":"","kind":"footway"},"geometry":{"type":"LineString","coordinates":[[101.7156939,3.1575011],[101.7156843,3.1575393],[101.7156922,3.1575693],[101.7161015,3.1576964],[101.7164369,3.1575504]]}},{"type":"Feature","properties":{"name":"","kind":"service"},"geometry":{"type":"LineString","coordinates":[[101.7166654,3.1574658],[101.7167279,3.1574953]]}},{"type":"Feature","properties":{"name":"","kind":"footway"},"geometry":{"type":"LineString","coordinates":[[101.7166654,3.1574658],[101.7166581,3.1574181],[101.7164952,3.1573373],[101.7165891,3.1572027],[101.7168021,3.1571156],[101.716729,3.156923]]}},{"type":"Feature","properties":{"name":"","kind":"service"},"geometry":{"type":"LineString","coordinates":[[101.7166654,3.1574658],[101.7166117,3.1574462],[101.716534,3.1574462],[101.7164744,3.1574685],[101.7164449,3.157511],[101.7164369,3.1575504]]}},{"type":"Feature","properties":{"name":"","kind":"footway"},"geometry":{"type":"LineString","coordinates":[[101.7141606,3.1569821],[101.713998,3.1570482]]}},{"type":"Feature","properties":{"name":"","kind":"footway"},"geometry":{"type":"LineString","coordinates":[[101.7141606,3.1569821],[101.714204,3.1570746]]}},{"type":"Feature","properties":{"name":"","kind":"footway"},"geometry":{"type":"LineString","coordinates":[[101.7141606,3.1569821],[101.7147254,3.1567526],[101.7148621,3.156762],[101.7149449,3.1567438],[101.7150035,3.1567309]]}},{"type":"Feature","properties":{"name":"","kind":"footway"},"geometry":{"type":"LineString","coordinates":[[101.714204,3.1570746],[101.7141606,3.1569821]]}},{"type":"Feature","properties":{"name":"","kind":"footway"},"geometry":{"type":"LineString","coordinates":[[101.7175932,3.1516548],[101.7177979,3.1520666],[101.7178535,3.1521164]]}},{"type":"Feature","properties":{"name":"","kind":"footway"},"geometry":{"type":"LineString","coordinates":[[101.7142664,3.1549708],[101.7142974,3.1548045]]}},{"type":"Feature","properties":{"name":"","kind":"footway"},"geometry":{"type":"LineString","coordinates":[[101.7142664,3.1549708],[101.7143581,3.155017],[101.7144087,3.1550435],[101.7144572,3.1551062],[101.7145239,3.1551545],[101.7146155,3.1551878],[101.7147259,3.1551918],[101.7148587,3.1551654],[101.7149096,3.1551676],[101.7149906,3.1552258],[101.7150785,3.1552554],[101.7151647,3.1552492],[101.71523,3.1552306]]}},{"type":"Feature","properties":{"name":"","kind":"footway"},"geometry":{"type":"LineString","coordinates":[[101.7142664,3.1549708],[101.7141348,3.1549045],[101.7140231,3.1548998],[101.7139087,3.1548699],[101.713777,3.1548078],[101.7136632,3.154763],[101.7135767,3.1547841]]}},{"type":"Feature","properties":{"name":"","kind":"footway"},"geometry":{"type":"LineString","coordinates":[[101.7142974,3.1548045],[101.7142664,3.1549708]]}},{"type":"Feature","properties":{"name":"","kind":"footway"},"geometry":{"type":"LineString","coordinates":[[101.7142974,3.1548045],[101.7143605,3.154816],[101.7144674,3.154829],[101.7146538,3.1548265],[101.7154664,3.1547555]]}},{"type":"Feature","properties":{"name":"","kind":"footway"},"geometry":{"type":"LineString","coordinates":[[101.7142974,3.1548045],[101.714252,3.1547962],[101.7142205,3.1547888],[101.7141179,3.1547227],[101.7138679,3.1545291],[101.7137659,3.1544671],[101.7136853,3.1544321],[101.7135955,3.1544188],[101.7134956,3.1544391]]}},{"type":"Feature","properties":{"name":"","kind":"footway"},"geometry":{"type":"LineString","coordinates":[[101.7161891,3.1552536],[101.7160774,3.1553545],[101.7160473,3.1553876],[101.716027,3.1554246],[101.7160172,3.1554531],[101.7160052,3.1554838],[101.7159922,3.155536],[101.7159845,3.1555689],[101.7159666,3.155693],[101.7159534,3.1557096]]}},{"type":"Feature","properties":{"name":"","kind":"footway"},"geometry":{"type":"LineString","coordinates":[[101.7161891,3.1552536],[101.7162026,3.1552471],[101.7162638,3.1551512],[101.71634,3.1551061],[101.716392,3.1550595],[101.7164424,3.1549787]]}},{"type":"Feature","properties":{"name":"","kind":"footway"},"geometry":{"type":"LineString","coordinates":[[101.7161891,3.1552536],[101.716296,3.1552862],[101.7163705,3.1552843],[101.7164627,3.155279],[101.7165612,3.1552681],[101.7166376,3.1552467],[101.7166701,3.1552188],[101.7166825,3.1551736],[101.7166694,3.1550916],[101.7166527,3.1550196]]}},{"type":"Feature","properties":{"name":"","kind":"footway"},"geometry":{"type":"LineString","coordinates":[[101.7161891,3.1552536],[101.7161222,3.1552331],[101.716018,3.155183],[101.7159,3.1551041],[101.7157993,3.1550425],[101.7156901,3.1549822],[101.7156499,3.1549889],[101.7155966,3.155015]]}},{"type":"Feature","properties":{"name":"","kind":"footway"},"geometry":{"type":"LineString","coordinates":[[101.7159534,3.1557096],[101.7158481,3.1558416],[101.7157893,3.1558821],[101.7157478,3.1558794]]}},{"type":"Feature","properties":{"name":"","kind":"footway"},"geometry":{"type":"LineString","coordinates":[[101.7159534,3.1557096],[101.7159666,3.155693],[101.7159845,3.1555689],[101.7159922,3.155536],[101.7160052,3.1554838],[101.7160172,3.1554531],[101.716027,3.1554246],[101.7160473,3.1553876],[101.7160774,3.1553545],[101.7161891,3.1552536]]}},{"type":"Feature","properties":{"name":"","kind":"footway"},"geometry":{"type":"LineString","coordinates":[[101.7159534,3.1557096],[101.7160901,3.1558573],[101.7161648,3.1559222],[101.7162407,3.1559508]]}},{"type":"Feature","properties":{"name":"","kind":"footway"},"geometry":{"type":"LineString","coordinates":[[101.7153462,3.1550688],[101.7154775,3.1550644],[101.7155377,3.155045],[101.7155966,3.155015]]}},{"type":"Feature","properties":{"name":"","kind":"footway"},"geometry":{"type":"LineString","coordinates":[[101.7153462,3.1550688],[101.7152777,3.1550711],[101.7152402,3.1551541],[101.71523,3.1552306]]}},{"type":"Feature","properties":{"name":"","kind":"footway"},"geometry":{"type":"LineString","coordinates":[[101.7153462,3.1550688],[101.7153663,3.155003],[101.7154536,3.1548381]]}},{"type":"Feature","properties":{"name":"Jalan Kia Peng","kind":"tertiary"},"geometry":{"type":"LineString","coordinates":[[101.7133885,3.1522853],[101.7133148,3.1521462]]}},{"type":"Feature","properties":{"name":"Jalan Kia Peng","kind":"tertiary"},"geometry":{"type":"LineString","coordinates":[[101.7133885,3.1522853],[101.7134693,3.1524376]]}},{"type":"Feature","properties":{"name":"","kind":"service"},"geometry":{"type":"LineString","coordinates":[[101.7133885,3.1522853],[101.7132776,3.1523222]]}},{"type":"Feature","properties":{"name":"","kind":"service"},"geometry":{"type":"LineString","coordinates":[[101.7132776,3.1523222],[101.7133885,3.1522853]]}},{"type":"Feature","properties":{"name":"","kind":"service"},"geometry":{"type":"LineString","coordinates":[[101.7129132,3.1528146],[101.7129207,3.1528643]]}},{"type":"Feature","properties":{"name":"","kind":"service"},"geometry":{"type":"LineString","coordinates":[[101.7121775,3.1554318],[101.7121696,3.1553847],[101.7121515,3.1553316]]}},{"type":"Feature","properties":{"name":"","kind":"service"},"geometry":{"type":"LineString","coordinates":[[101.7120534,3.1550704],[101.7120693,3.15511]]}},{"type":"Feature","properties":{"name":"","kind":"service"},"geometry":{"type":"LineString","coordinates":[[101.7116067,3.1558001],[101.7115229,3.1558038],[101.711488,3.1558567]]}},{"type":"Feature","properties":{"name":"","kind":"service"},"geometry":{"type":"LineString","coordinates":[[101.7119009,3.1552353],[101.7120432,3.1553037]]}},{"type":"Feature","properties":{"name":"","kind":"service"},"geometry":{"type":"LineString","coordinates":[[101.7119009,3.1552353],[101.7118288,3.1552006]]}},{"type":"Feature","properties":{"name":"","kind":"service"},"geometry":{"type":"LineString","coordinates":[[101.7119009,3.1552353],[101.7119235,3.1552858],[101.7119395,3.1553214],[101.7120638,3.1553699]]}},{"type":"Feature","properties":{"name":"","kind":"footway"},"geometry":{"type":"LineString","coordinates":[[101.7124518,3.1554707],[101.7124357,3.1550133]]}},{"type":"Feature","properties":{"name":"","kind":"footway"},"geometry":{"type":"LineString","coordinates":[[101.7124518,3.1554707],[101.7121677,3.1553228]]}},{"type":"Feature","properties":{"name":"","kind":"footway"},"geometry":{"type":"LineString","coordinates":[[101.7124518,3.1554707],[101.7124782,3.1558242],[101.7124781,3.1558505],[101.712468,3.1560044],[101.7124713,3.1561416]]}},{"type":"Feature","properties":{"name":"","kind":"service"},"geometry":{"type":"LineString","coordinates":[[101.7121515,3.1553316],[101.7121677,3.1553228]]}},{"type":"Feature","properties":{"name":"","kind":"service"},"geometry":{"type":"LineString","coordinates":[[101.7121515,3.1553316],[101.712143,3.1553362],[101.7121372,3.1553385],[101.7121154,3.155341]]}},{"type":"Feature","properties":{"name":"","kind":"service"},"geometry":{"type":"LineString","coordinates":[[101.7121515,3.1553316],[101.7121696,3.1553847],[101.7121775,3.1554318]]}},{"type":"Feature","properties":{"name":"","kind":"footway"},"geometry":{"type":"LineString","coordinates":[[101.7120638,3.1553699],[101.7120694,3.155355],[101.7120774,3.1553314]]}},{"type":"Feature","properties":{"name":"","kind":"footway"},"geometry":{"type":"LineString","coordinates":[[101.7120638,3.1553699],[101.7119433,3.1556915],[101.7119554,3.155962],[101.7117595,3.1559698],[101.7115988,3.1559775],[101.7115693,3.1559786]]}},{"type":"Feature","properties":{"name":"","kind":"service"},"geometry":{"type":"LineString","coordinates":[[101.7120638,3.1553699],[101.7120929,3.1553813],[101.7121026,3.155364],[101.7121154,3.155341]]}},{"type":"Feature","properties":{"name":"","kind":"service"},"geometry":{"type":"LineString","coordinates":[[101.7120638,3.1553699],[101.7119395,3.1553214],[101.7119235,3.1552858],[101.7119009,3.1552353]]}},{"type":"Feature","properties":{"name":"","kind":"service"},"geometry":{"type":"LineString","coordinates":[[101.7120693,3.15511],[101.7120938,3.1551705]]}},{"type":"Feature","properties":{"name":"","kind":"service"},"geometry":{"type":"LineString","coordinates":[[101.7120693,3.15511],[101.7120534,3.1550704]]}},{"type":"Feature","properties":{"name":"","kind":["footway","steps"]},"geometry":{"type":"LineString","coordinates":[[101.7120693,3.15511],[101.7119862,3.1551129],[101.711973,3.1550104],[101.7118754,3.154965],[101.7117505,3.1549015]]}},{"type":"Feature","properties":{"name":"","kind":"footway"},"geometry":{"type":"LineString","coordinates":[[101.7106949,3.1554038],[101.7107455,3.1553579]]}},{"type":"Feature","properties":{"name":"","kind":"footway"},"geometry":{"type":"LineString","coordinates":[[101.7106949,3.1554038],[101.7106372,3.1554681],[101.7105595,3.1555545],[101.710166,3.1559927]]}},{"type":"Feature","properties":{"name":"","kind":"footway"},"geometry":{"type":"LineString","coordinates":[[101.7106949,3.1554038],[101.7107272,3.1554883],[101.710842,3.1558592],[101.7108936,3.1560109],[101.7108979,3.1560872]]}},{"type":"Feature","properties":{"name":"","kind":"footway"},"geometry":{"type":"LineString","coordinates":[[101.7108979,3.1560872],[101.710935,3.1560876]]}},{"type":"Feature","properties":{"name":"","kind":"footway"},"geometry":{"type":"LineString","coordinates":[[101.7108979,3.1560872],[101.7108936,3.1560109],[101.710842,3.1558592],[101.7107272,3.1554883],[101.7106949,3.1554038]]}},{"type":"Feature","properties":{"name":"","kind":"footway"},"geometry":{"type":"LineString","coordinates":[[101.7108979,3.1560872],[101.7109048,3.1562083],[101.7108566,3.1563353],[101.7108149,3.1566119]]}},{"type":"Feature","properties":{"name":"","kind":["footway","steps"]},"geometry":{"type":"LineString","coordinates":[[101.7108979,3.1560872],[101.710874,3.1560868],[101.7108336,3.1560865]]}},{"type":"Feature","properties":{"name":"Persiaran Petronas","kind":"service"},"geometry":{"type":"LineString","coordinates":[[101.710935,3.1560876],[101.7109417,3.1562135]]}},{"type":"Feature","properties":{"name":"Persiaran Petronas","kind":"service"},"geometry":{"type":"LineString","coordinates":[[101.710935,3.1560876],[101.7109312,3.1560159]]}},{"type":"Feature","properties":{"name":"","kind":"footway"},"geometry":{"type":"LineString","coordinates":[[101.710935,3.1560876],[101.7108979,3.1560872]]}},{"type":"Feature","properties":{"name":"","kind":"footway"},"geometry":{"type":"LineString","coordinates":[[101.710935,3.1560876],[101.7109608,3.1560846],[101.7110326,3.156076]]}},{"type":"Feature","properties":{"name":"Persiaran Petronas","kind":"service"},"geometry":{"type":"LineString","coordinates":[[101.7110326,3.156076],[101.7110344,3.1558734]]}},{"type":"Feature","properties":{"name":"Persiaran Petronas","kind":"service"},"geometry":{"type":"LineString","coordinates":[[101.7110326,3.156076],[101.7110314,3.1562073]]}},{"type":"Feature","properties":{"name":"","kind":"footway"},"geometry":{"type":"LineString","coordinates":[[101.7110326,3.156076],[101.7110746,3.1560752]]}},{"type":"Feature","properties":{"name":"","kind":"footway"},"geometry":{"type":"LineString","coordinates":[[101.7110326,3.156076],[101.7109608,3.1560846],[101.710935,3.1560876]]}},{"type":"Feature","properties":{"name":"","kind":"footway"},"geometry":{"type":"LineString","coordinates":[[101.7110746,3.1560752],[101.7110326,3.156076]]}},{"type":"Feature","properties":{"name":"","kind":"footway"},"geometry":{"type":"LineString","coordinates":[[101.7110746,3.1560752],[101.711074,3.1561309],[101.7110959,3.1561601],[101.7113112,3.1561531]]}},{"type":"Feature","properties":{"name":"","kind":"footway"},"geometry":{"type":"LineString","coordinates":[[101.7110746,3.1560752],[101.7110578,3.1558934],[101.7110646,3.15587],[101.7110947,3.1558487],[101.7112245,3.155843]]}},{"type":"Feature","properties":{"name":"","kind":["footway","steps"]},"geometry":{"type":"LineString","coordinates":[[101.7108336,3.1560865],[101.710874,3.1560868],[101.7108979,3.1560872]]}},{"type":"Feature","properties":{"name":"","kind":"footway"},"geometry":{"type":"LineString","coordinates":[[101.7108149,3.1566119],[101.7109148,3.1566105]]}},{"type":"Feature","properties":{"name":"","kind":"footway"},"geometry":{"type":"LineString","coordinates":[[101.7108149,3.1566119],[101.7107921,3.1567635]]}},{"type":"Feature","properties":{"name":"","kind":"footway"},"geometry":{"type":"LineString","coordinates":[[101.7108149,3.1566119],[101.710795,3.1566147],[101.7107591,3.1566202],[101.7107127,3.1566522]]}},{"type":"Feature","properties":{"name":"","kind":"footway"},"geometry":{"type":"LineString","coordinates":[[101.7108149,3.1566119],[101.7108566,3.1563353],[101.7109048,3.1562083],[101.7108979,3.1560872]]}},{"type":"Feature","properties":{"name":"","kind":"footway"},"geometry":{"type":"LineString","coordinates":[[101.7109148,3.1566105],[101.7108149,3.1566119]]}},{"type":"Feature","properties":{"name":"Persiaran Petronas","kind":"service"},"geometry":{"type":"LineString","coordinates":[[101.7109148,3.1566105],[101.7108839,3.1570774]]}},{"type":"Feature","properties":{"name":"Persiaran Petronas","kind":"service"},"geometry":{"type":"LineString","coordinates":[[101.7109148,3.1566105],[101.7109187,3.1565509]]}},{"type":"Feature","properties":{"name":"","kind":"footway"},"geometry":{"type":"LineString","coordinates":[[101.7105768,3.1567908],[101.7103922,3.1566105]]}},{"type":"Feature","properties":{"name":"","kind":"footway"},"geometry":{"type":"LineString","coordinates":[[101.7105768,3.1567908],[101.7106817,3.1568932],[101.7107282,3.1570003],[101.710755,3.1570098]]}},{"type":"Feature","properties":{"name":"","kind":["footway","steps"]},"geometry":{"type":"LineString","coordinates":[[101.7105768,3.1567908],[101.7105952,3.1567705],[101.7107127,3.1566522]]}},{"type":"Feature","properties":{"name":"","kind":"footway"},"geometry":{"type":"LineString","coordinates":[[101.7103922,3.1566105],[101.7105768,3.1567908]]}},{"type":"Feature","properties":{"name":"","kind":"footway"},"geometry":{"type":"LineString","coordinates":[[101.7103922,3.1566105],[101.7100514,3.1562565]]}},{"type":"Feature","properties":{"name":"","kind":"footway"},"geometry":{"type":"LineString","coordinates":[[101.7103922,3.1566105],[101.7105494,3.1564397]]}},{"type":"Feature","properties":{"name":"","kind":"footway"},"geometry":{"type":"LineString","coordinates":[[101.7100514,3.1562565],[101.7103922,3.1566105]]}},{"type":"Feature","properties":{"name":"","kind":"footway"},"geometry":{"type":"LineString","coordinates":[[101.7100514,3.1562565],[101.710024,3.1562281],[101.7100051,3.1561906]]}},{"type":"Feature","properties":{"name":"","kind":["footway","steps"]},"geometry":{"type":"LineString","coordinates":[[101.7100514,3.1562565],[101.7100928,3.1562405],[101.7102903,3.1561376]]}},{"type":"Feature","properties":{"name":"","kind":"footway"},"geometry":{"type":"LineString","coordinates":[[101.7102903,3.1561376],[101.710166,3.1559927]]}},{"type":"Feature","properties":{"name":"","kind":"footway"},"geometry":{"type":"LineString","coordinates":[[101.7102903,3.1561376],[101.7105494,3.1564397]]}},{"type":"Feature","properties":{"name":"","kind":["footway","steps"]},"geometry":{"type":"LineString","coordinates":[[101.7102903,3.1561376],[101.7100928,3.1562405],[101.7100514,3.1562565]]}},{"type":"Feature","properties":{"name":"","kind":"footway"},"geometry":{"type":"LineString","coordinates":[[101.710755,3.1570098],[101.7107921,3.1567635]]}},{"type":"Feature","properties":{"name":"","kind":"footway"},"geometry":{"type":"LineString","coordinates":[[101.710755,3.1570098],[101.7107434,3.157087]]}},{"type":"Feature","properties":{"name":"","kind":"footway"},"geometry":{"type":"LineString","coordinates":[[101.710755,3.1570098],[101.7107282,3.1570003],[101.7106817,3.1568932],[101.7105768,3.1567908]]}},{"type":"Feature","properties":{"name":"","kind":"footway"},"geometry":{"type":"LineString","coordinates":[[101.7113112,3.1561531],[101.7113124,3.1561914]]}},{"type":"Feature","properties":{"name":"","kind":"footway"},"geometry":{"type":"LineString","coordinates":[[101.7113112,3.1561531],[101.7113301,3.1561385],[101.7113439,3.1560993],[101.7113304,3.1558656],[101.7113155,3.1558474],[101.7112871,3.1558403],[101.7112245,3.155843]]}},{"type":"Feature","properties":{"name":"","kind":"footway"},"geometry":{"type":"LineString","coordinates":[[101.7113112,3.1561531],[101.7110959,3.1561601],[101.711074,3.1561309],[101.7110746,3.1560752]]}},{"type":"Feature","properties":{"name":"","kind":"service"},"geometry":{"type":"LineString","coordinates":[[101.7113124,3.1561914],[101.711384,3.1561873]]}},{"type":"Feature","properties":{"name":"","kind":"service"},"geometry":{"type":"LineString","coordinates":[[101.7113124,3.1561914],[101.7110314,3.1562073]]}},{"type":"Feature","properties":{"name":"","kind":"footway"},"geometry":{"type":"LineString","coordinates":[[101.7113124,3.1561914],[101.7113112,3.1561531]]}},{"type":"Feature","properties":{"name":"","kind":"footway"},"geometry":{"type":"LineString","coordinates":[[101.7113124,3.1561914],[101.7113163,3.1562611],[101.7113179,3.1563023]]}},{"type":"Feature","properties":{"name":"Persiaran Petronas","kind":"service"},"geometry":{"type":"LineString","coordinates":[[101.7110068,3.1570703],[101.7110066,3.1570129]]}},{"type":"Feature","properties":{"name":"Persiaran Petronas","kind":"service"},"geometry":{"type":"LineString","coordinates":[[101.7110068,3.1570703],[101.7110066,3.1570802]]}},{"type":"Feature","properties":{"name":"","kind":"service"},"geometry":{"type":"LineString","coordinates":[[101.7110068,3.1570703],[101.7110452,3.1570132],[101.7110479,3.1565917]]}},{"type":"Feature","properties":{"name":"Persiaran Petronas","kind":"service"},"geometry":{"type":"LineString","coordinates":[[101.7110066,3.1570802],[101.7110068,3.1570703]]}},{"type":"Feature","properties":{"name":"","kind":"footway"},"geometry":{"type":"LineString","coordinates":[[101.7110066,3.1570802],[101.7108839,3.1570774]]}},{"type":"Feature","properties":{"name":"","kind":"footway"},"geometry":{"type":"LineString","coordinates":[[101.7110066,3.1570802],[101.7110909,3.1570779]]}},{"type":"Feature","properties":{"name":"Persiaran Petronas","kind":"service"},"geometry":{"type":"LineString","coordinates":[[101.7110066,3.1570802],[101.7110062,3.1571016],[101.7110071,3.1571829]]}},{"type":"Feature","properties":{"name":"","kind":"service"},"geometry":{"type":"LineString","coordinates":[[101.7110479,3.1565917],[101.7109953,3.1565561]]}},{"type":"Feature","properties":{"name":"","kind":"service"},"geometry":{"type":"LineString","coordinates":[[101.7110479,3.1565917],[101.7110482,3.1565501],[101.7110485,3.1564947],[101.7110493,3.1563643],[101.7111035,3.1563117],[101.7113179,3.1563023]]}},{"type":"Feature","properties":{"name":"","kind":"service"},"geometry":{"type":"LineString","coordinates":[[101.7110479,3.1565917],[101.7110452,3.1570132],[101.7110068,3.1570703]]}},{"type":"Feature","properties":{"name":"","kind":"service"},"geometry":{"type":"LineString","coordinates":[[101.711384,3.1561873],[101.7113124,3.1561914]]}},{"type":"Feature","properties":{"name":"","kind":"service"},"geometry":{"type":"LineString","coordinates":[[101.711384,3.1561873],[101.7113615,3.1557905]]}},{"type":"Feature","properties":{"name":"","kind":"service"},"geometry":{"type":"LineString","coordinates":[[101.711384,3.1561873],[101.711466,3.1561418],[101.7114979,3.1561073],[101.7115284,3.1560676],[101.7115258,3.1559804]]}},{"type":"Feature","properties":{"name":"","kind":"service"},"geometry":{"type":"LineString","coordinates":[[101.711384,3.1561873],[101.7113877,3.1562611],[101.7113778,3.1562897],[101.7113465,3.156301],[101.7113179,3.1563023]]}},{"type":"Feature","properties":{"name":"","kind":"footway"},"geometry":{"type":"LineString","coordinates":[[101.7113179,3.1563023],[101.7113221,3.1563601]]}},{"type":"Feature","properties":{"name":"","kind":"service"},"geometry":{"type":"LineString","coordinates":[[101.7113179,3.1563023],[101.7113465,3.156301],[101.7113778,3.1562897],[101.7113877,3.1562611],[101.711384,3.1561873]]}},{"type":"Feature","properties":{"name":"","kind":"service"},"geometry":{"type":"LineString","coordinates":[[101.7113179,3.1563023],[101.7111035,3.1563117],[101.7110493,3.1563643],[101.7110485,3.1564947],[101.7110482,3.1565501],[101.7110479,3.1565917]]}},{"type":"Feature","properties":{"name":"","kind":"footway"},"geometry":{"type":"LineString","coordinates":[[101.7113179,3.1563023],[101.7113163,3.1562611],[101.7113124,3.1561914]]}},{"type":"Feature","properties":{"name":"","kind":"footway"},"geometry":{"type":"LineString","coordinates":[[101.7113221,3.1563601],[101.7113179,3.1563023]]}},{"type":"Feature","properties":{"name":"","kind":"footway"},"geometry":{"type":"LineString","coordinates":[[101.7113221,3.1563601],[101.7115438,3.1563463],[101.7118307,3.1563282]]}},{"type":"Feature","properties":{"name":"","kind":"footway"},"geometry":{"type":"LineString","coordinates":[[101.7113221,3.1563601],[101.711188,3.1563684],[101.711108,3.1563909],[101.7110614,3.156485],[101.7110909,3.1570779]]}},{"type":"Feature","properties":{"name":"","kind":"footway"},"geometry":{"type":"LineString","coordinates":[[101.7110954,3.1571692],[101.7110071,3.1571829]]}},{"type":"Feature","properties":{"name":"","kind":"footway"},"geometry":{"type":"LineString","coordinates":[[101.7110954,3.1571692],[101.7110909,3.1570779]]}},{"type":"Feature","properties":{"name":"","kind":"footway"},"geometry":{"type":"LineString","coordinates":[[101.7110954,3.1571692],[101.711127,3.1571643],[101.7114381,3.1571454],[101.711658,3.1571588],[101.7117147,3.1571742]]}},{"type":"Feature","properties":{"name":"","kind":"footway"},"geometry":{"type":"LineString","coordinates":[[101.7110954,3.1571692],[101.7110995,3.1572725],[101.7111204,3.1577943],[101.7113495,3.1580689],[101.7111703,3.1582453]]}},{"type":"Feature","properties":{"name":"","kind":"footway"},"geometry":{"type":"LineString","coordinates":[[101.7110909,3.1570779],[101.7110954,3.1571692]]}},{"type":"Feature","properties":{"name":"","kind":"footway"},"geometry":{"type":"LineString","coordinates":[[101.7110909,3.1570779],[101.7110066,3.1570802]]}},{"type":"Feature","properties":{"name":"","kind":"footway"},"geometry":{"type":"LineString","coordinates":[[101.7110909,3.1570779],[101.7110614,3.156485],[101.711108,3.1563909],[101.711188,3.1563684],[101.7113221,3.1563601]]}},{"type":"Feature","properties":{"name":"Persiaran Petronas","kind":"service"},"geometry":{"type":"LineString","coordinates":[[101.7108839,3.1570774],[101.7108677,3.1573216]]}},{"type":"Feature","properties":{"name":"Persiaran Petronas","kind":"service"},"geometry":{"type":"LineString","coordinates":[[101.7108839,3.1570774],[101.7109148,3.1566105]]}},{"type":"Feature","properties":{"name":"","kind":"footway"},"geometry":{"type":"LineString","coordinates":[[101.7108839,3.1570774],[101.7110066,3.1570802]]}},{"type":"Feature","properties":{"name":"","kind":"footway"},"geometry":{"type":"LineString","coordinates":[[101.7108839,3.1570774],[101.7108197,3.1570756],[101.7107434,3.157087]]}},{"type":"Feature","properties":{"name":"","kind":"footway"},"geometry":{"type":"LineString","coordinates":[[101.7112245,3.155843],[101.7112219,3.1557984]]}},{"type":"Feature","properties":{"name":"","kind":"footway"},"geometry":{"type":"LineString","coordinates":[[101.7112245,3.155843],[101.7110947,3.1558487],[101.7110646,3.15587],[101.7110578,3.1558934],[101.7110746,3.1560752]]}},{"type":"Feature","properties":{"name":"","kind":"footway"},"geometry":{"type":"LineString","coordinates":[[101.7112245,3.155843],[101.7112871,3.1558403],[101.7113155,3.1558474],[101.7113304,3.1558656],[101.7113439,3.1560993],[101.7113301,3.1561385],[101.7113112,3.1561531]]}},{"type":"Feature","properties":{"name":"","kind":"service"},"geometry":{"type":"LineString","coordinates":[[101.711488,3.1558567],[101.7114394,3.1558143],[101.7113615,3.1557905]]}},{"type":"Feature","properties":{"name":"","kind":"service"},"geometry":{"type":"LineString","coordinates":[[101.711488,3.1558567],[101.7115006,3.1558677],[101.7115228,3.1559043],[101.7115258,3.1559804]]}},{"type":"Feature","properties":{"name":"","kind":"service"},"geometry":{"type":"LineString","coordinates":[[101.711488,3.1558567],[101.7115229,3.1558038],[101.7116067,3.1558001]]}},{"type":"Feature","properties":{"name":"","kind":"footway"},"geometry":{"type":"LineString","coordinates":[[101.7107421,3.1550811],[101.7107817,3.1551098]]}},{"type":"Feature","properties":{"name":"","kind":"footway"},"geometry":{"type":"LineString","coordinates":[[101.7107421,3.1550811],[101.7108594,3.1549207]]}},{"type":"Feature","properties":{"name":"","kind":"footway"},"geometry":{"type":"LineString","coordinates":[[101.7107421,3.1550811],[101.7106898,3.1551597],[101.7106717,3.1551884]]}},{"type":"Feature","properties":{"name":"","kind":"footway"},"geometry":{"type":"LineString","coordinates":[[101.7108494,3.1551681],[101.7107817,3.1551098]]}},{"type":"Feature","properties":{"name":"","kind":"footway"},"geometry":{"type":"LineString","coordinates":[[101.7108494,3.1551681],[101.710867,3.1551427],[101.710889,3.1551123]]}},{"type":"Feature","properties":{"name":"","kind":"footway"},"geometry":{"type":"LineString","coordinates":[[101.7108494,3.1551681],[101.7107617,3.1552948],[101.7107622,3.1553185],[101.7107455,3.1553579]]}},{"type":"Feature","properties":{"name":"Persiaran Petronas","kind":"service"},"geometry":{"type":"LineString","coordinates":[[101.710889,3.1551123],[101.7108795,3.1549751]]}},{"type":"Feature","properties":{"name":"Persiaran Petronas","kind":"service"},"geometry":{"type":"LineString","coordinates":[[101.710889,3.1551123],[101.7108933,3.1551746]]}},{"type":"Feature","properties":{"name":"","kind":"footway"},"geometry":{"type":"LineString","coordinates":[[101.710889,3.1551123],[101.7109844,3.1550004]]}},{"type":"Feature","properties":{"name":"","kind":"footway"},"geometry":{"type":"LineString","coordinates":[[101.710889,3.1551123],[101.710867,3.1551427],[101.7108494,3.1551681]]}},{"type":"Feature","properties":{"name":"","kind":"footway"},"geometry":{"type":"LineString","coordinates":[[101.7109844,3.1550004],[101.710889,3.1551123]]}},{"type":"Feature","properties":{"name":"","kind":"footway"},"geometry":{"type":"LineString","coordinates":[[101.7109844,3.1550004],[101.710993,3.1549562],[101.7110445,3.1548812],[101.7110684,3.1548725],[101.7110865,3.1548445]]}},{"type":"Feature","properties":{"name":"","kind":"footway"},"geometry":{"type":"LineString","coordinates":[[101.7109844,3.1550004],[101.7109725,3.1550486],[101.7109699,3.1552275],[101.7110083,3.1556584],[101.7110201,3.1557167],[101.7110646,3.1557494],[101.7110996,3.1557487]]}},{"type":"Feature","properties":{"name":"","kind":"service"},"geometry":{"type":"LineString","coordinates":[[101.7110996,3.1557487],[101.7111044,3.1558051]]}},{"type":"Feature","properties":{"name":"","kind":"footway"},"geometry":{"type":"LineString","coordinates":[[101.7110996,3.1557487],[101.7111287,3.1557502]]}},{"type":"Feature","properties":{"name":"","kind":"service"},"geometry":{"type":"LineString","coordinates":[[101.7110996,3.1557487],[101.7110982,3.155732],[101.711057,3.1551482],[101.711057,3.1551107],[101.7110626,3.1550891],[101.7110827,3.1550553],[101.7110979,3.1550512],[101.7111599,3.1550489],[101.7111852,3.1550558],[101.7111985,3.1550692],[101.7112072,3.1551844],[101.7112137,3.1553254]]}},{"type":"Feature","properties":{"name":"","kind":"footway"},"geometry":{"type":"LineString","coordinates":[[101.7110996,3.1557487],[101.7110646,3.1557494],[101.7110201,3.1557167],[101.7110083,3.1556584],[101.7109699,3.1552275],[101.7109725,3.1550486],[101.7109844,3.1550004]]}},{"type":"Feature","properties":{"name":"","kind":"service"},"geometry":{"type":"LineString","coordinates":[[101.7111287,3.1557502],[101.7111308,3.1558036]]}},{"type":"Feature","properties":{"name":"","kind":"footway"},"geometry":{"type":"LineString","coordinates":[[101.7111287,3.1557502],[101.7110996,3.1557487]]}},{"type":"Feature","properties":{"name":"","kind":"service"},"geometry":{"type":"LineString","coordinates":[[101.7111287,3.1557502],[101.711128,3.1557345],[101.7111271,3.1557126],[101.7112308,3.1557074]]}},{"type":"Feature","properties":{"name":"","kind":"footway"},"geometry":{"type":"LineString","coordinates":[[101.7111287,3.1557502],[101.7111848,3.1557449],[101.7112191,3.1557422]]}},{"type":"Feature","properties":{"name":"","kind":"footway"},"geometry":{"type":"LineString","coordinates":[[101.7113318,3.1557335],[101.7112191,3.1557422]]}},{"type":"Feature","properties":{"name":"","kind":"footway"},"geometry":{"type":"LineString","coordinates":[[101.7112191,3.1557422],[101.7113318,3.1557335]]}},{"type":"Feature","properties":{"name":"","kind":"footway"},"geometry":{"type":"LineString","coordinates":[[101.7112191,3.1557422],[101.7111848,3.1557449],[101.7111287,3.1557502]]}},{"type":"Feature","properties":{"name":"","kind":"footway"},"geometry":{"type":"LineString","coordinates":[[101.7112191,3.1557422],[101.71122,3.1557599],[101.7112219,3.1557984]]}},{"type":"Feature","properties":{"name":"","kind":"service"},"geometry":{"type":"LineString","coordinates":[[101.7110865,3.1548445],[101.7114133,3.1550042]]}},{"type":"Feature","properties":{"name":"","kind":"service"},"geometry":{"type":"LineString","coordinates":[[101.7110865,3.1548445],[101.710994,3.1547991]]}},{"type":"Feature","properties":{"name":"","kind":"footway"},"geometry":{"type":"LineString","coordinates":[[101.7110865,3.1548445],[101.7111445,3.1547777]]}},{"type":"Feature","properties":{"name":"","kind":"footway"},"geometry":{"type":"LineString","coordinates":[[101.7110865,3.1548445],[101.7110684,3.1548725],[101.7110445,3.1548812],[101.710993,3.1549562],[101.7109844,3.1550004]]}},{"type":"Feature","properties":{"name":"","kind":"footway"},"geometry":{"type":"LineString","coordinates":[[101.7111445,3.1547777],[101.7110865,3.1548445]]}},{"type":"Feature","properties":{"name":"","kind":"service"},"geometry":{"type":"LineString","coordinates":[[101.7111445,3.1547777],[101.7110416,3.1547301]]}},{"type":"Feature","properties":{"name":"","kind":"service"},"geometry":{"type":"LineString","coordinates":[[101.7111445,3.1547777],[101.7115251,3.1549539]]}},{"type":"Feature","properties":{"name":"","kind":"footway"},"geometry":{"type":"LineString","coordinates":[[101.7111445,3.1547777],[101.7111816,3.154736],[101.7112143,3.154681],[101.7112315,3.1546611]]}},{"type":"Feature","properties":{"name":"","kind":"service"},"geometry":{"type":"LineString","coordinates":[[101.7112315,3.1546611],[101.7111278,3.154613]]}},{"type":"Feature","properties":{"name":"","kind":"service"},"geometry":{"type":"LineString","coordinates":[[101.7112315,3.1546611],[101.7112605,3.1546745],[101.7113061,3.1546956]]}},{"type":"Feature","properties":{"name":"","kind":"footway"},"geometry":{"type":"LineString","coordinates":[[101.7112315,3.1546611],[101.7112574,3.1546205],[101.7115244,3.1542436],[101.7115501,3.154214]]}},{"type":"Feature","properties":{"name":"","kind":"footway"},"geometry":{"type":"LineString","coordinates":[[101.7112315,3.1546611],[101.7112143,3.154681],[101.7111816,3.154736],[101.7111445,3.1547777]]}},{"type":"Feature","properties":{"name":"","kind":"service"},"geometry":{"type":"LineString","coordinates":[[101.7115501,3.154214],[101.7115177,3.1540759]]}},{"type":"Feature","properties":{"name":"","kind":"footway"},"geometry":{"type":"LineString","coordinates":[[101.7115501,3.154214],[101.7115866,3.1541691]]}},{"type":"Feature","properties":{"name":"","kind":"service"},"geometry":{"type":"LineString","coordinates":[[101.7115501,3.154214],[101.711567,3.1542552],[101.7116164,3.1543372],[101.7116609,3.1544056]]}},{"type":"Feature","properties":{"name":"","kind":"footway"},"geometry":{"type":"LineString","coordinates":[[101.7115501,3.154214],[101.7115244,3.1542436],[101.7112574,3.1546205],[101.7112315,3.1546611]]}},{"type":"Feature","properties":{"name":"","kind":"service"},"geometry":{"type":"LineString","coordinates":[[101.7115866,3.1541691],[101.7115177,3.1540759]]}},{"type":"Feature","properties":{"name":"","kind":"footway"},"geometry":{"type":"LineString","coordinates":[[101.7115866,3.1541691],[101.7115501,3.154214]]}},{"type":"Feature","properties":{"name":"","kind":"service"},"geometry":{"type":"LineString","coordinates":[[101.7115866,3.1541691],[101.7117791,3.1543779],[101.7119265,3.1544437],[101.7120175,3.1544494],[101.7122103,3.1542403],[101.7126339,3.1537809],[101.7126415,3.1537529],[101.7126469,3.1536967],[101.7126643,3.153654],[101.7127025,3.1536056],[101.7127307,3.1535745],[101.7127148,3.1535415]]}},{"type":"Feature","properties":{"name":"","kind":"footway"},"geometry":{"type":"LineString","coordinates":[[101.7115866,3.1541691],[101.7116476,3.1540991],[101.7117345,3.1539903],[101.7118105,3.1538321],[101.7118277,3.1537935]]}},{"type":"Feature","properties":{"name":"","kind":"service"},"geometry":{"type":"LineString","coordinates":[[101.7118277,3.1537935],[101.7118687,3.1537825]]}},{"type":"Feature","properties":{"name":"","kind":"service"},"geometry":{"type":"LineString","coordinates":[[101.7118277,3.1537935],[101.7118085,3.1537987],[101.7116539,3.1538492]]}},{"type":"Feature","properties":{"name":"","kind":"footway"},"geometry":{"type":"LineString","coordinates":[[101.7118277,3.1537935],[101.7118396,3.1537182],[101.7118899,3.1534645]]}},{"type":"Feature","properties":{"name":"","kind":"footway"},"geometry":{"type":"LineString","coordinates":[[101.7118277,3.1537935],[101.7118105,3.1538321],[101.7117345,3.1539903],[101.7116476,3.1540991],[101.7115866,3.1541691]]}},{"type":"Feature","properties":{"name":"","kind":"service"},"geometry":{"type":"LineString","coordinates":[[101.7118595,3.1538753],[101.7118687,3.1537825]]}},{"type":"Feature","properties":{"name":"","kind":"service"},"geometry":{"type":"LineString","coordinates":[[101.711664,3.1537659],[101.7116828,3.1537912]]}},{"type":"Feature","properties":{"name":"","kind":"service"},"geometry":{"type":"LineString","coordinates":[[101.711664,3.1537659],[101.7114722,3.1535235],[101.711744,3.1533399]]}},{"type":"Feature","properties":{"name":"","kind":"footway"},"geometry":{"type":"LineString","coordinates":[[101.711664,3.1537659],[101.7116401,3.1538134],[101.711593,3.1539137],[101.7115586,3.1539424],[101.7115371,3.1539636]]}},{"type":"Feature","properties":{"name":"","kind":"footway"},"geometry":{"type":"LineString","coordinates":[[101.711664,3.1537659],[101.7116855,3.1537122],[101.7118063,3.1534409]]}},{"type":"Feature","properties":{"name":"Jalan Pinang","kind":"tertiary"},"geometry":{"type":"LineString","coordinates":[[101.7115732,3.1539845],[101.7115177,3.1540759]]}},{"type":"Feature","properties":{"name":"","kind":"service"},"geometry":{"type":"LineString","coordinates":[[101.7115732,3.1539845],[101.7115371,3.1539636]]}},{"type":"Feature","properties":{"name":"Jalan Pinang","kind":"tertiary"},"geometry":{"type":"LineString","coordinates":[[101.7115732,3.1539845],[101.7115919,3.1539561],[101.7116539,3.1538492]]}},{"type":"Feature","properties":{"name":"","kind":"service"},"geometry":{"type":"LineString","coordinates":[[101.7113973,3.1538876],[101.7115371,3.1539636]]}},{"type":"Feature","properties":{"name":"","kind":"service"},"geometry":{"type":"LineString","coordinates":[[101.7111087,3.1538253],[101.7111636,3.1537922],[101.7114405,3.1540185]]}},{"type":"Feature","properties":{"name":"","kind":"service"},"geometry":{"type":"LineString","coordinates":[[101.7115371,3.1539636],[101.7115732,3.1539845]]}},{"type":"Feature","properties":{"name":"","kind":"service"},"geometry":{"type":"LineString","coordinates":[[101.7115371,3.1539636],[101.7113973,3.1538876]]}},{"type":"Feature","properties":{"name":"","kind":"footway"},"geometry":{"type":"LineString","coordinates":[[101.7115371,3.1539636],[101.7114619,3.1540343]]}},{"type":"Feature","properties":{"name":"","kind":"footway"},"geometry":{"type":"LineString","coordinates":[[101.7115371,3.1539636],[101.7115586,3.1539424],[101.711593,3.1539137],[101.7116401,3.1538134],[101.711664,3.1537659]]}},{"type":"Feature","properties":{"name":"","kind":"service"},"geometry":{"type":"LineString","coordinates":[[101.7114619,3.1540343],[101.7115177,3.1540759]]}},{"type":"Feature","properties":{"name":"","kind":"service"},"geometry":{"type":"LineString","coordinates":[[101.7114619,3.1540343],[101.7114405,3.1540185]]}},{"type":"Feature","properties":{"name":"","kind":"footway"},"geometry":{"type":"LineString","coordinates":[[101.7114619,3.1540343],[101.7115371,3.1539636]]}},{"type":"Feature","properties":{"name":"","kind":"footway"},"geometry":{"type":"LineString","coordinates":[[101.7114619,3.1540343],[101.7114447,3.1540814],[101.7111239,3.1545614],[101.7111026,3.1545981]]}},{"type":"Feature","properties":{"name":"","kind":"service"},"geometry":{"type":"LineString","coordinates":[[101.7109543,3.15437],[101.7108534,3.1544003]]}},{"type":"Feature","properties":{"name":"","kind":"service"},"geometry":{"type":"LineString","coordinates":[[101.7109543,3.15437],[101.7109743,3.1543866],[101.7109984,3.1543963],[101.7110244,3.1543981],[101.7110496,3.1543918],[101.7110717,3.1543782]]}},{"type":"Feature","properties":{"name":"","kind":"service"},"geometry":{"type":"LineString","coordinates":[[101.7109543,3.15437],[101.7109394,3.1543458],[101.7109335,3.154318],[101.7109373,3.1542899],[101.7109503,3.1542646],[101.710971,3.1542452],[101.710997,3.1542337],[101.7110254,3.1542317],[101.7110528,3.1542393],[101.7110761,3.1542555]]}},{"type":"Feature","properties":{"name":"","kind":"service"},"geometry":{"type":"LineString","coordinates":[[101.7110717,3.1543782],[101.7111068,3.1544159]]}},{"type":"Feature","properties":{"name":"","kind":"service"},"geometry":{"type":"LineString","coordinates":[[101.7110717,3.1543782],[101.7110886,3.1543583],[101.7110985,3.1543343],[101.7111003,3.154306],[101.7110926,3.1542787],[101.7110761,3.1542555]]}},{"type":"Feature","properties":{"name":"","kind":"service"},"geometry":{"type":"LineString","coordinates":[[101.7110717,3.1543782],[101.7110496,3.1543918],[101.7110244,3.1543981],[101.7109984,3.1543963],[101.7109743,3.1543866],[101.7109543,3.15437]]}},{"type":"Feature","properties":{"name":"","kind":"service"},"geometry":{"type":"LineString","coordinates":[[101.7110761,3.1542555],[101.7110528,3.1542393],[101.7110254,3.1542317],[101.710997,3.1542337],[101.710971,3.1542452],[101.7109503,3.1542646],[101.7109373,3.1542899],[101.7109335,3.154318],[101.7109394,3.1543458],[101.7109543,3.15437]]}},{"type":"Feature","properties":{"name":"","kind":"service"},"geometry":{"type":"LineString","coordinates":[[101.7110761,3.1542555],[101.7110926,3.1542787],[101.7111003,3.154306],[101.7110985,3.1543343],[101.7110886,3.1543583],[101.7110717,3.1543782]]}},{"type":"Feature","properties":{"name":"","kind":"service"},"geometry":{"type":"LineString","coordinates":[[101.7110761,3.1542555],[101.7110805,3.1542324],[101.711004,3.1541698]]}},{"type":"Feature","properties":{"name":"","kind":"service"},"geometry":{"type":"LineString","coordinates":[[101.7111068,3.1544159],[101.7114405,3.1540185]]}},{"type":"Feature","properties":{"name":"","kind":"service"},"geometry":{"type":"LineString","coordinates":[[101.7111068,3.1544159],[101.7110717,3.1543782]]}},{"type":"Feature","properties":{"name":"","kind":"service"},"geometry":{"type":"LineString","coordinates":[[101.7111068,3.1544159],[101.711063,3.154468],[101.7110516,3.1544981],[101.7110489,3.1545236]]}},{"type":"Feature","properties":{"name":"","kind":"service"},"geometry":{"type":"LineString","coordinates":[[101.711004,3.1541698],[101.7110805,3.1542324],[101.7110761,3.1542555]]}},{"type":"Feature","properties":{"name":"","kind":"service"},"geometry":{"type":"LineString","coordinates":[[101.7108534,3.1544003],[101.7109543,3.15437]]}},{"type":"Feature","properties":{"name":"","kind":"service"},"geometry":{"type":"LineString","coordinates":[[101.7106111,3.1543143],[101.7108847,3.1544857],[101.7110489,3.1545236]]}},{"type":"Feature","properties":{"name":"","kind":"service"},"geometry":{"type":"LineString","coordinates":[[101.7109532,3.1545439],[101.7110113,3.1545832],[101.7110773,3.1545704]]}},{"type":"Feature","properties":{"name":"","kind":"service"},"geometry":{"type":"LineString","coordinates":[[101.7110773,3.1545704],[101.7111026,3.1545981]]}},{"type":"Feature","properties":{"name":"","kind":"service"},"geometry":{"type":"LineString","coordinates":[[101.7110773,3.1545704],[101.7110583,3.1545497],[101.7110489,3.1545236]]}},{"type":"Feature","properties":{"name":"","kind":"service"},"geometry":{"type":"LineString","coordinates":[[101.7110773,3.1545704],[101.7110113,3.1545832],[101.7109532,3.1545439]]}},{"type":"Feature","properties":{"name":"","kind":"service"},"geometry":{"type":"LineString","coordinates":[[101.7111026,3.1545981],[101.7110773,3.1545704]]}},{"type":"Feature","properties":{"name":"","kind":"service"},"geometry":{"type":"LineString","coordinates":[[101.7111026,3.1545981],[101.7111227,3.1546201]]}},{"type":"Feature","properties":{"name":"","kind":"footway"},"geometry":{"type":"LineString","coordinates":[[101.7111026,3.1545981],[101.7110866,3.15462],[101.7110685,3.1546444],[101.7110422,3.1546747]]}},{"type":"Feature","properties":{"name":"","kind":"footway"},"geometry":{"type":"LineString","coordinates":[[101.7111026,3.1545981],[101.7111239,3.1545614],[101.7114447,3.1540814],[101.7114619,3.1540343]]}},{"type":"Feature","properties":{"name":"","kind":"service"},"geometry":{"type":"LineString","coordinates":[[101.7110131,3.1546517],[101.7110422,3.1546747]]}},{"type":"Feature","properties":{"name":"","kind":"service"},"geometry":{"type":"LineString","coordinates":[[101.7110131,3.1546517],[101.710973,3.1547067]]}},{"type":"Feature","properties":{"name":"","kind":"service"},"geometry":{"type":"LineString","coordinates":[[101.7110131,3.1546517],[101.7107116,3.1544144],[101.7106938,3.1544098],[101.7106757,3.1544172],[101.7106562,3.1544379]]}},{"type":"Feature","properties":{"name":"","kind":"service"},"geometry":{"type":"LineString","coordinates":[[101.710973,3.1547067],[101.7109477,3.154698]]}},{"type":"Feature","properties":{"name":"","kind":"service"},"geometry":{"type":"LineString","coordinates":[[101.710973,3.1547067],[101.7110061,3.1547179]]}},{"type":"Feature","properties":{"name":"","kind":"service"},"geometry":{"type":"LineString","coordinates":[[101.710973,3.1547067],[101.7110131,3.1546517]]}},{"type":"Feature","properties":{"name":"","kind":"service"},"geometry":{"type":"LineString","coordinates":[[101.7107454,3.1545066],[101.7109477,3.154698]]}},{"type":"Feature","properties":{"name":"","kind":"service"},"geometry":{"type":"LineString","coordinates":[[101.7110422,3.1546747],[101.7110682,3.1546951]]}},{"type":"Feature","properties":{"name":"","kind":"service"},"geometry":{"type":"LineString","coordinates":[[101.7110422,3.1546747],[101.7110131,3.1546517]]}},{"type":"Feature","properties":{"name":"","kind":"footway"},"geometry":{"type":"LineString","coordinates":[[101.7110422,3.1546747],[101.7110061,3.1547179]]}},{"type":"Feature","properties":{"name":"","kind":"footway"},"geometry":{"type":"LineString","coordinates":[[101.7110422,3.1546747],[101.7110685,3.1546444],[101.7110866,3.15462],[101.7111026,3.1545981]]}},{"type":"Feature","properties":{"name":"","kind":"service"},"geometry":{"type":"LineString","coordinates":[[101.7110061,3.1547179],[101.710973,3.1547067]]}},{"type":"Feature","properties":{"name":"","kind":"service"},"geometry":{"type":"LineString","coordinates":[[101.7110061,3.1547179],[101.7110416,3.1547301]]}},{"type":"Feature","properties":{"name":"","kind":"footway"},"geometry":{"type":"LineString","coordinates":[[101.7110061,3.1547179],[101.7110422,3.1546747]]}},{"type":"Feature","properties":{"name":"","kind":"footway"},"geometry":{"type":"LineString","coordinates":[[101.7110061,3.1547179],[101.7109715,3.1547675],[101.7108594,3.1549207]]}},{"type":"Feature","properties":{"name":"","kind":"footway"},"geometry":{"type":"LineString","coordinates":[[101.7108594,3.1549207],[101.7107421,3.1550811]]}},{"type":"Feature","properties":{"name":"","kind":"footway"},"geometry":{"type":"LineString","coordinates":[[101.7108594,3.1549207],[101.7109715,3.1547675],[101.7110061,3.1547179]]}},{"type":"Feature","properties":{"name":"","kind":"footway"},"geometry":{"type":"LineString","coordinates":[[101.7108594,3.1549207],[101.7108278,3.1549202],[101.7107955,3.1549283],[101.7107157,3.1548837]]}},{"type":"Feature","properties":{"name":"","kind":"service"},"geometry":{"type":"LineString","coordinates":[[101.7107157,3.1548837],[101.7106754,3.1549402],[101.7106309,3.1550489],[101.7106317,3.1550745]]}},{"type":"Feature","properties":{"name":"","kind":"service"},"geometry":{"type":"LineString","coordinates":[[101.7107157,3.1548837],[101.7107563,3.1548295],[101.7108297,3.1547389],[101.7108855,3.1547021],[101.7109477,3.154698]]}},{"type":"Feature","properties":{"name":"","kind":"footway"},"geometry":{"type":"LineString","coordinates":[[101.7107157,3.1548837],[101.7107955,3.1549283],[101.7108278,3.1549202],[101.7108594,3.1549207]]}},{"type":"Feature","properties":{"name":"","kind":"service"},"geometry":{"type":"LineString","coordinates":[[101.7106317,3.1550745],[101.7105553,3.1549769]]}},{"type":"Feature","properties":{"name":"","kind":"service"},"geometry":{"type":"LineString","coordinates":[[101.7106317,3.1550745],[101.7106331,3.1551213],[101.7106494,3.1551621]]}},{"type":"Feature","properties":{"name":"","kind":"service"},"geometry":{"type":"LineString","coordinates":[[101.7106317,3.1550745],[101.7106309,3.1550489],[101.7106754,3.1549402],[101.7107157,3.1548837]]}},{"type":"Feature","properties":{"name":"","kind":"service"},"geometry":{"type":"LineString","coordinates":[[101.7105553,3.1549769],[101.7106317,3.1550745]]}},{"type":"Feature","properties":{"name":"","kind":"service"},"geometry":{"type":"LineString","coordinates":[[101.7106717,3.1551884],[101.7106986,3.1552201]]}},{"type":"Feature","properties":{"name":"","kind":"service"},"geometry":{"type":"LineString","coordinates":[[101.7106717,3.1551884],[101.7106494,3.1551621]]}},{"type":"Feature","properties":{"name":"","kind":"footway"},"geometry":{"type":"LineString","coordinates":[[101.7106717,3.1551884],[101.7106142,3.1552517],[101.7103194,3.1556],[101.7102975,3.1556285]]}},{"type":"Feature","properties":{"name":"","kind":"footway"},"geometry":{"type":"LineString","coordinates":[[101.7106717,3.1551884],[101.7106898,3.1551597],[101.7107421,3.1550811]]}},{"type":"Feature","properties":{"name":"","kind":"service"},"geometry":{"type":"LineString","coordinates":[[101.7099135,3.1546551],[101.7104794,3.1552149],[101.7104985,3.1553213],[101.7102677,3.1555757]]}},{"type":"Feature","properties":{"name":"","kind":"service"},"geometry":{"type":"LineString","coordinates":[[101.7102677,3.1555757],[101.7102234,3.1556178]]}},{"type":"Feature","properties":{"name":"","kind":"service"},"geometry":{"type":"LineString","coordinates":[[101.7102677,3.1555757],[101.7102832,3.1556161],[101.7102975,3.1556285]]}},{"type":"Feature","properties":{"name":"","kind":"service"},"geometry":{"type":"LineString","coordinates":[[101.7102677,3.1555757],[101.7104985,3.1553213],[101.7104794,3.1552149],[101.7099135,3.1546551]]}},{"type":"Feature","properties":{"name":"Jalan Pinang","kind":"tertiary"},"geometry":{"type":"LineString","coordinates":[[101.7103391,3.1556649],[101.7103191,3.1556914]]}},{"type":"Feature","properties":{"name":"","kind":"service"},"geometry":{"type":"LineString","coordinates":[[101.7103391,3.1556649],[101.7102975,3.1556285]]}},{"type":"Feature","properties":{"name":"Jalan Pinang","kind":"tertiary"},"geometry":{"type":"LineString","coordinates":[[101.7103391,3.1556649],[101.7104473,3.1555241],[101.7106615,3.1552735]]}},{"type":"Feature","properties":{"name":"","kind":"service"},"geometry":{"type":"LineString","coordinates":[[101.7102234,3.1556178],[101.7102797,3.1556611]]}},{"type":"Feature","properties":{"name":"","kind":"service"},"geometry":{"type":"LineString","coordinates":[[101.7102234,3.1556178],[101.7102677,3.1555757]]}},{"type":"Feature","properties":{"name":"","kind":"service"},"geometry":{"type":"LineString","coordinates":[[101.7102234,3.1556178],[101.7102007,3.1556004],[101.710185,3.155599],[101.710165,3.1556035],[101.7101467,3.1556214]]}},{"type":"Feature","properties":{"name":"","kind":"service"},"geometry":{"type":"LineString","coordinates":[[101.7102975,3.1556285],[101.7103391,3.1556649]]}},{"type":"Feature","properties":{"name":"","kind":"footway"},"geometry":{"type":"LineString","coordinates":[[101.7102975,3.1556285],[101.7102797,3.1556611]]}},{"type":"Feature","properties":{"name":"","kind":"service"},"geometry":{"type":"LineString","coordinates":[[101.7102975,3.1556285],[101.7102832,3.1556161],[101.7102677,3.1555757]]}},{"type":"Feature","properties":{"name":"","kind":"footway"},"geometry":{"type":"LineString","coordinates":[[101.7102975,3.1556285],[101.7103194,3.1556],[101.7106142,3.1552517],[101.7106717,3.1551884]]}},{"type":"Feature","properties":{"name":"","kind":"service"},"geometry":{"type":"LineString","coordinates":[[101.7102797,3.1556611],[101.7102234,3.1556178]]}},{"type":"Feature","properties":{"name":"","kind":"service"},"geometry":{"type":"LineString","coordinates":[[101.7102797,3.1556611],[101.7103191,3.1556914]]}},{"type":"Feature","properties":{"name":"","kind":"footway"},"geometry":{"type":"LineString","coordinates":[[101.7102797,3.1556611],[101.7102502,3.1556985]]}},{"type":"Feature","properties":{"name":"","kind":"footway"},"geometry":{"type":"LineString","coordinates":[[101.7102797,3.1556611],[101.7102975,3.1556285]]}},{"type":"Feature","properties":{"name":"","kind":"footway"},"geometry":{"type":"LineString","coordinates":[[101.7102502,3.1556985],[101.7102797,3.1556611]]}},{"type":"Feature","properties":{"name":"","kind":"footway"},"geometry":{"type":"LineString","coordinates":[[101.7102502,3.1556985],[101.7101609,3.1558069]]}},{"type":"Feature","properties":{"name":"","kind":"footway"},"geometry":{"type":"LineString","coordinates":[[101.7102502,3.1556985],[101.7101467,3.1556214]]}},{"type":"Feature","properties":{"name":"","kind":"footway"},"geometry":{"type":"LineString","coordinates":[[101.7101609,3.1558069],[101.7102502,3.1556985]]}},{"type":"Feature","properties":{"name":"","kind":"footway"},"geometry":{"type":"LineString","coordinates":[[101.7101609,3.1558069],[101.7100496,3.1557164]]}},{"type":"Feature","properties":{"name":"","kind":"footway"},"geometry":{"type":"LineString","coordinates":[[101.7101609,3.1558069],[101.710148,3.1558211],[101.7101322,3.1558412]]}},{"type":"Feature","properties":{"name":"Jalan Pinang","kind":"tertiary"},"geometry":{"type":"LineString","coordinates":[[101.7101507,3.1559089],[101.7101765,3.1558775]]}},{"type":"Feature","properties":{"name":"Jalan Pinang","kind":"tertiary"},"geometry":{"type":"LineString","coordinates":[[101.7101507,3.1559089],[101.7101279,3.155941]]}},{"type":"Feature","properties":{"name":"","kind":"service"},"geometry":{"type":"LineString","coordinates":[[101.7101507,3.1559089],[101.7101087,3.1558681]]}},{"type":"Feature","properties":{"name":"","kind":"service"},"geometry":{"type":"LineString","coordinates":[[101.7097352,3.1555058],[101.7099988,3.1557615]]}},{"type":"Feature","properties":{"name":"","kind":"service"},"geometry":{"type":"LineString","coordinates":[[101.7099988,3.1557615],[101.7097352,3.1555058]]}},{"type":"Feature","properties":{"name":"","kind":"service"},"geometry":{"type":"LineString","coordinates":[[101.7099988,3.1557615],[101.7101087,3.1558681]]}},{"type":"Feature","properties":{"name":"","kind":"service"},"geometry":{"type":"LineString","coordinates":[[101.7099988,3.1557615],[101.7100333,3.1557324]]}},{"type":"Feature","properties":{"name":"","kind":"service"},"geometry":{"type":"LineString","coordinates":[[101.7100496,3.1557164],[101.7100333,3.1557324]]}},{"type":"Feature","properties":{"name":"","kind":"service"},"geometry":{"type":"LineString","coordinates":[[101.7100496,3.1557164],[101.7101467,3.1556214]]}},{"type":"Feature","properties":{"name":"","kind":"footway"},"geometry":{"type":"LineString","coordinates":[[101.7100496,3.1557164],[101.7101609,3.1558069]]}},{"type":"Feature","properties":{"name":"","kind":"service"},"geometry":{"type":"LineString","coordinates":[[101.7101467,3.1556214],[101.7100496,3.1557164]]}},{"type":"Feature","properties":{"name":"","kind":"footway"},"geometry":{"type":"LineString","coordinates":[[101.7101467,3.1556214],[101.7102502,3.1556985]]}},{"type":"Feature","properties":{"name":"","kind":"service"},"geometry":{"type":"LineString","coordinates":[[101.7101467,3.1556214],[101.710165,3.1556035],[101.710185,3.155599],[101.7102007,3.1556004],[101.7102234,3.1556178]]}},{"type":"Feature","properties":{"name":"","kind":"service"},"geometry":{"type":"LineString","coordinates":[[101.7101322,3.1558412],[101.7101765,3.1558775]]}},{"type":"Feature","properties":{"name":"","kind":"footway"},"geometry":{"type":"LineString","coordinates":[[101.7101322,3.1558412],[101.7101087,3.1558681]]}},{"type":"Feature","properties":{"name":"","kind":"service"},"geometry":{"type":"LineString","coordinates":[[101.7101322,3.1558412],[101.7100363,3.1557625],[101.710032,3.1557467],[101.7100333,3.1557324]]}},{"type":"Feature","properties":{"name":"","kind":"footway"},"geometry":{"type":"LineString","coordinates":[[101.7101322,3.1558412],[101.710148,3.1558211],[101.7101609,3.1558069]]}},{"type":"Feature","properties":{"name":"","kind":"service"},"geometry":{"type":"LineString","coordinates":[[101.7101087,3.1558681],[101.7099988,3.1557615]]}},{"type":"Feature","properties":{"name":"","kind":"service"},"geometry":{"type":"LineString","coordinates":[[101.7101087,3.1558681],[101.7101507,3.1559089]]}},{"type":"Feature","properties":{"name":"","kind":"footway"},"geometry":{"type":"LineString","coordinates":[[101.7101087,3.1558681],[101.7100856,3.1559017]]}},{"type":"Feature","properties":{"name":"","kind":"footway"},"geometry":{"type":"LineString","coordinates":[[101.7101087,3.1558681],[101.7101322,3.1558412]]}},{"type":"Feature","properties":{"name":"","kind":"service"},"geometry":{"type":"LineString","coordinates":[[101.7100856,3.1559017],[101.7101279,3.155941]]}},{"type":"Feature","properties":{"name":"","kind":"service"},"geometry":{"type":"LineString","coordinates":[[101.7100856,3.1559017],[101.7100571,3.1558753]]}},{"type":"Feature","properties":{"name":"","kind":"footway"},"geometry":{"type":"LineString","coordinates":[[101.7100856,3.1559017],[101.7100527,3.1559543]]}},{"type":"Feature","properties":{"name":"","kind":"footway"},"geometry":{"type":"LineString","coordinates":[[101.7100856,3.1559017],[101.7101087,3.1558681]]}},{"type":"Feature","properties":{"name":"","kind":"footway"},"geometry":{"type":"LineString","coordinates":[[101.7100527,3.1559543],[101.7100856,3.1559017]]}},{"type":"Feature","properties":{"name":"","kind":"footway"},"geometry":{"type":"LineString","coordinates":[[101.7100527,3.1559543],[101.7099886,3.1560392]]}},{"type":"Feature","properties":{"name":"","kind":"footway"},"geometry":{"type":"LineString","coordinates":[[101.7100527,3.1559543],[101.7100126,3.1559254]]}},{"type":"Feature","properties":{"name":"","kind":"service"},"geometry":{"type":"LineString","coordinates":[[101.7100126,3.1559254],[101.7100571,3.1558753]]}},{"type":"Feature","properties":{"name":"","kind":"footway"},"geometry":{"type":"LineString","coordinates":[[101.7100126,3.1559254],[101.7099652,3.1558908]]}},{"type":"Feature","properties":{"name":"","kind":"footway"},"geometry":{"type":"LineString","coordinates":[[101.7100126,3.1559254],[101.7100527,3.1559543]]}},{"type":"Feature","properties":{"name":"","kind":"service"},"geometry":{"type":"LineString","coordinates":[[101.7100126,3.1559254],[101.7098784,3.1560767],[101.7098418,3.1561142],[101.7097995,3.1561228],[101.7097583,3.1561152],[101.7097065,3.1560749]]}},{"type":"Feature","properties":{"name":"","kind":"footway"},"geometry":{"type":"LineString","coordinates":[[101.7099652,3.1558908],[101.7100126,3.1559254]]}},{"type":"Feature","properties":{"name":"","kind":"footway"},"geometry":{"type":"LineString","coordinates":[[101.7099886,3.1560392],[101.7100259,3.1560706]]}},{"type":"Feature","properties":{"name":"","kind":"footway"},"geometry":{"type":"LineString","coordinates":[[101.7099886,3.1560392],[101.7100527,3.1559543]]}},{"type":"Feature","properties":{"name":"","kind":"footway"},"geometry":{"type":"LineString","coordinates":[[101.7099886,3.1560392],[101.7099254,3.1561229],[101.7098561,3.1561474],[101.7097456,3.1561334],[101.7096977,3.1560948]]}},{"type":"Feature","properties":{"name":"Jalan P. Ramlee","kind":"tertiary"},"geometry":{"type":"LineString","coordinates":[[101.7096769,3.1561242],[101.7097076,3.1561495]]}},{"type":"Feature","properties":{"name":"Jalan P. Ramlee","kind":"tertiary"},"geometry":{"type":"LineString","coordinates":[[101.7096769,3.1561242],[101.7093926,3.1558905]]}},{"type":"Feature","properties":{"name":"","kind":"footway"},"geometry":{"type":"LineString","coordinates":[[101.7096769,3.1561242],[101.7096977,3.1560948]]}},{"type":"Feature","properties":{"name":"","kind":"footway"},"geometry":{"type":"LineString","coordinates":[[101.7096769,3.1561242],[101.7096469,3.1561588]]}},{"type":"Feature","properties":{"name":"","kind":"footway"},"geometry":{"type":"LineString","coordinates":[[101.7096977,3.1560948],[101.7096769,3.1561242]]}},{"type":"Feature","properties":{"name":"","kind":"footway"},"geometry":{"type":"LineString","coordinates":[[101.7096977,3.1560948],[101.7095137,3.1559453],[101.7094715,3.1559005]]}},{"type":"Feature","properties":{"name":"","kind":"footway"},"geometry":{"type":"LineString","coordinates":[[101.7096977,3.1560948],[101.7097456,3.1561334],[101.7098561,3.1561474],[101.7099254,3.1561229],[101.7099886,3.1560392]]}},{"type":"Feature","properties":{"name":"Jalan P. Ramlee","kind":"tertiary"},"geometry":{"type":"LineString","coordinates":[[101.7099174,3.1563607],[101.710036,3.1564711]]}},{"type":"Feature","properties":{"name":"Jalan P. Ramlee","kind":"tertiary"},"geometry":{"type":"LineString","coordinates":[[101.7099174,3.1563607],[101.7098825,3.1563282]]}},{"type":"Feature","properties":{"name":"","kind":"service"},"geometry":{"type":"LineString","coordinates":[[101.7099174,3.1563607],[101.7100234,3.1563878],[101.7102585,3.1565877]]}},{"type":"Feature","properties":{"name":"","kind":"service"},"geometry":{"type":"LineString","coordinates":[[101.7102585,3.1565877],[101.7100234,3.1563878],[101.7099174,3.1563607]]}},{"type":"Feature","properties":{"name":"","kind":"service"},"geometry":{"type":"LineString","coordinates":[[101.7094715,3.1559005],[101.7093926,3.1558905]]}},{"type":"Feature","properties":{"name":"","kind":"service"},"geometry":{"type":"LineString","coordinates":[[101.7094715,3.1559005],[101.7095036,3.1559045],[101.7097065,3.1560749]]}},{"type":"Feature","properties":{"name":"","kind":"footway"},"geometry":{"type":"LineString","coordinates":[[101.7094715,3.1559005],[101.7095137,3.1559453],[101.7096977,3.1560948]]}},{"type":"Feature","properties":{"name":"","kind":"footway"},"geometry":{"type":"LineString","coordinates":[[101.7094715,3.1559005],[101.7094168,3.1558569],[101.7093434,3.1557882]]}},{"type":"Feature","properties":{"name":"","kind":"steps"},"geometry":{"type":"LineString","coordinates":[[101.7093434,3.1557882],[101.7094112,3.1557286]]}},{"type":"Feature","properties":{"name":"","kind":"footway"},"geometry":{"type":"LineString","coordinates":[[101.7093434,3.1557882],[101.709013,3.155461],[101.7089758,3.1554259]]}},{"type":"Feature","properties":{"name":"","kind":"footway"},"geometry":{"type":"LineString","coordinates":[[101.7093434,3.1557882],[101.7094168,3.1558569],[101.7094715,3.1559005]]}},{"type":"Feature","properties":{"name":"","kind":"steps"},"geometry":{"type":"LineString","coordinates":[[101.7094112,3.1557286],[101.7093434,3.1557882]]}},{"type":"Feature","properties":{"name":"","kind":"service"},"geometry":{"type":"LineString","coordinates":[[101.7089758,3.1554259],[101.7089332,3.1554673]]}},{"type":"Feature","properties":{"name":"","kind":"service"},"geometry":{"type":"LineString","coordinates":[[101.7089758,3.1554259],[101.7092354,3.1551738],[101.7092812,3.1551655],[101.7093141,3.1551667],[101.7099658,3.1557882]]}},{"type":"Feature","properties":{"name":"","kind":"footway"},"geometry":{"type":"LineString","coordinates":[[101.7089758,3.1554259],[101.709013,3.155461],[101.7093434,3.1557882]]}},{"type":"Feature","properties":{"name":"","kind":"footway"},"geometry":{"type":"LineString","coordinates":[[101.7089758,3.1554259],[101.7089627,3.1554091],[101.7089497,3.1553983]]}},{"type":"Feature","properties":{"name":"","kind":"service"},"geometry":{"type":"LineString","coordinates":[[101.7088601,3.1553055],[101.7089255,3.1552474]]}},{"type":"Feature","properties":{"name":"","kind":"service"},"geometry":{"type":"LineString","coordinates":[[101.7088601,3.1553055],[101.7088208,3.1553404]]}},{"type":"Feature","properties":{"name":"","kind":"footway"},"geometry":{"type":"LineString","coordinates":[[101.7088601,3.1553055],[101.7088167,3.1552517],[101.7084805,3.1548933],[101.7084562,3.1548598]]}},{"type":"Feature","properties":{"name":"","kind":"footway"},"geometry":{"type":"LineString","coordinates":[[101.7088601,3.1553055],[101.7089023,3.1553481],[101.7089497,3.1553983]]}},{"type":"Feature","properties":{"name":"Jalan P. Ramlee","kind":"tertiary"},"geometry":{"type":"LineString","coordinates":[[101.7083971,3.1548621],[101.7083379,3.1547953]]}},{"type":"Feature","properties":{"name":"","kind":"service"},"geometry":{"type":"LineString","coordinates":[[101.7083971,3.1548621],[101.7084562,3.1548598]]}},{"type":"Feature","properties":{"name":"Jalan P. Ramlee","kind":"tertiary"},"geometry":{"type":"LineString","coordinates":[[101.7083971,3.1548621],[101.7084513,3.1549233],[101.708492,3.1549692],[101.708543,3.1550268]]}},{"type":"Feature","properties":{"name":"","kind":"service"},"geometry":{"type":"LineString","coordinates":[[101.7084562,3.1548598],[101.7083971,3.1548621]]}},{"type":"Feature","properties":{"name":"","kind":"service"},"geometry":{"type":"LineString","coordinates":[[101.7084562,3.1548598],[101.7085531,3.1548559],[101.7089255,3.1552474]]}},{"type":"Feature","properties":{"name":"","kind":"footway"},"geometry":{"type":"LineString","coordinates":[[101.7084562,3.1548598],[101.7084184,3.1548107],[101.7083852,3.1547419],[101.7083769,3.1546558],[101.708388,3.1545922],[101.7083922,3.1545687],[101.7084142,3.1545016],[101.7085478,3.1543727]]}},{"type":"Feature","properties":{"name":"","kind":"footway"},"geometry":{"type":"LineString","coordinates":[[101.7084562,3.1548598],[101.7084805,3.1548933],[101.7088167,3.1552517],[101.7088601,3.1553055]]}},{"type":"Feature","properties":{"name":"","kind":"path"},"geometry":{"type":"LineString","coordinates":[[101.7081973,3.1544729],[101.7082499,3.1545142],[101.7082881,3.1545703]]}},{"type":"Feature","properties":{"name":"","kind":"path"},"geometry":{"type":"LineString","coordinates":[[101.7082881,3.1545703],[101.7083208,3.1545768]]}},{"type":"Feature","properties":{"name":"","kind":"path"},"geometry":{"type":"LineString","coordinates":[[101.7082881,3.1545703],[101.7082499,3.1545142],[101.7081973,3.1544729]]}},{"type":"Feature","properties":{"name":"","kind":"footway"},"geometry":{"type":"LineString","coordinates":[[101.7082881,3.1545703],[101.7082872,3.1545886],[101.708268,3.1546277],[101.708223,3.1546657]]}},{"type":"Feature","properties":{"name":"","kind":"path"},"geometry":{"type":"LineString","coordinates":[[101.7083208,3.1545768],[101.7082881,3.1545703]]}},{"type":"Feature","properties":{"name":"","kind":"footway"},"geometry":{"type":"LineString","coordinates":[[101.7082047,3.1546809],[101.7085276,3.1550435]]}},{"type":"Feature","properties":{"name":"","kind":"footway"},"geometry":{"type":"LineString","coordinates":[[101.7082047,3.1546809],[101.7081494,3.1546188]]}},{"type":"Feature","properties":{"name":"","kind":"footway"},"geometry":{"type":"LineString","coordinates":[[101.7082047,3.1546809],[101.708223,3.1546657]]}},{"type":"Feature","properties":{"name":"","kind":"footway"},"geometry":{"type":"LineString","coordinates":[[101.7090137,3.153796],[101.7087701,3.1539819],[101.7086706,3.1540813],[101.7084442,3.1543384],[101.7082675,3.1543815],[101.7082268,3.1543817],[101.7081742,3.1543404],[101.7078115,3.1539498],[101.7078943,3.153843]]}},{"type":"Feature","properties":{"name":"","kind":"service"},"geometry":{"type":"LineString","coordinates":[[101.7118237,3.1532583],[101.711744,3.1533399]]}},{"type":"Feature","properties":{"name":"","kind":"service"},"geometry":{"type":"LineString","coordinates":[[101.7118786,3.1533823],[101.7118321,3.1533733]]}},{"type":"Feature","properties":{"name":"Jalan Pinang","kind":"tertiary"},"geometry":{"type":"LineString","coordinates":[[101.7118786,3.1533823],[101.7119516,3.1532469]]}},{"type":"Feature","properties":{"name":"Jalan Pinang","kind":"tertiary"},"geometry":{"type":"LineString","coordinates":[[101.7118786,3.1533823],[101.7118419,3.1534504]]}},{"type":"Feature","properties":{"name":"Jalan P. Ramlee","kind":"tertiary"},"geometry":{"type":"LineString","coordinates":[[101.7076805,3.1540564],[101.7077106,3.1540925],[101.7081679,3.1546035]]}},{"type":"Feature","properties":{"name":"","kind":"footway"},"geometry":{"type":"LineString","coordinates":[[101.7126725,3.1554108],[101.712792,3.155709]]}},{"type":"Feature","properties":{"name":"","kind":"footway"},"geometry":{"type":"LineString","coordinates":[[101.7126725,3.1554108],[101.712586,3.1551948],[101.7125845,3.1551362],[101.7126019,3.1550775],[101.7126423,3.1549824]]}},{"type":"Feature","properties":{"name":"","kind":"footway"},"geometry":{"type":"LineString","coordinates":[[101.7126725,3.1554108],[101.7128303,3.1554665],[101.7129628,3.1554874]]}},{"type":"Feature","properties":{"name":"","kind":"footway"},"geometry":{"type":"LineString","coordinates":[[101.7152618,3.1567474],[101.7152375,3.1566645]]}},{"type":"Feature","properties":{"name":"","kind":"footway"},"geometry":{"type":"LineString","coordinates":[[101.7152618,3.1567474],[101.7153096,3.1568405],[101.7154169,3.1569275],[101.7155447,3.156932],[101.7156632,3.1569756]]}},{"type":"Feature","properties":{"name":"","kind":"footway"},"geometry":{"type":"LineString","coordinates":[[101.7152618,3.1567474],[101.7152062,3.1567298],[101.7151384,3.1567189],[101.7150324,3.1567245],[101.7150035,3.1567309]]}},{"type":"Feature","properties":{"name":"","kind":"footway"},"geometry":{"type":"LineString","coordinates":[[101.7152375,3.1566645],[101.7152618,3.1567474]]}},{"type":"Feature","properties":{"name":"","kind":"footway"},"geometry":{"type":"LineString","coordinates":[[101.7152375,3.1566645],[101.7152663,3.1566685],[101.7155657,3.15671],[101.7157214,3.1566939],[101.7162687,3.156575]]}},{"type":"Feature","properties":{"name":"","kind":"footway"},"geometry":{"type":"LineString","coordinates":[[101.7152375,3.1566645],[101.715123,3.1566484],[101.7150009,3.1566565]]}},{"type":"Feature","properties":{"name":"","kind":"steps"},"geometry":{"type":"LineString","coordinates":[[101.7120145,3.1545802],[101.7119387,3.1545444]]}},{"type":"Feature","properties":{"name":"","kind":"footway"},"geometry":{"type":"LineString","coordinates":[[101.7134844,3.1559465],[101.7133756,3.1558718]]}},{"type":"Feature","properties":{"name":"","kind":"footway"},"geometry":{"type":"LineString","coordinates":[[101.7134844,3.1559465],[101.7135123,3.1559656],[101.7136317,3.1560271],[101.7137639,3.1561762],[101.7138995,3.1563254],[101.7140323,3.1564654],[101.7140723,3.156526]]}},{"type":"Feature","properties":{"name":"","kind":["footway","steps"]},"geometry":{"type":"LineString","coordinates":[[101.7134844,3.1559465],[101.7134125,3.1560504],[101.7134478,3.1561663],[101.7134275,3.1561876],[101.7134292,3.1562875],[101.7133593,3.1562988],[101.7133399,3.1562794],[101.7133067,3.1562534],[101.7132235,3.1562443]]}},{"type":"Feature","properties":{"name":"","kind":"footway"},"geometry":{"type":"LineString","coordinates":[[101.7121088,3.1536204],[101.7119817,3.1536143]]}},{"type":"Feature","properties":{"name":"","kind":"footway"},"geometry":{"type":"LineString","coordinates":[[101.7125183,3.1536747],[101.7125519,3.1536821]]}},{"type":"Feature","properties":{"name":"","kind":"footway"},"geometry":{"type":"LineString","coordinates":[[101.7125476,3.1537296],[101.7125519,3.1536821]]}},{"type":"Feature","properties":{"name":"","kind":"footway"},"geometry":{"type":"LineString","coordinates":[[101.71257,3.1534853],[101.7123471,3.1530837]]}},{"type":"Feature","properties":{"name":"","kind":"footway"},"geometry":{"type":"LineString","coordinates":[[101.71257,3.1534853],[101.7125519,3.1536821]]}},{"type":"Feature","properties":{"name":"","kind":"footway"},"geometry":{"type":"LineString","coordinates":[[101.71257,3.1534853],[101.7126389,3.1534396]]}},{"type":"Feature","properties":{"name":"","kind":"footway"},"geometry":{"type":"LineString","coordinates":[[101.7123471,3.1530837],[101.7123927,3.1530646]]}},{"type":"Feature","properties":{"name":"","kind":"footway"},"geometry":{"type":"LineString","coordinates":[[101.7123471,3.1530837],[101.71257,3.1534853]]}},{"type":"Feature","properties":{"name":"","kind":"footway"},"geometry":{"type":"LineString","coordinates":[[101.7123471,3.1530837],[101.712064,3.1532019],[101.7120052,3.1532521],[101.7119638,3.1533065]]}},{"type":"Feature","properties":{"name":"","kind":"footway"},"geometry":{"type":"LineString","coordinates":[[101.7125519,3.1536821],[101.71257,3.1534853]]}},{"type":"Feature","properties":{"name":"","kind":"footway"},"geometry":{"type":"LineString","coordinates":[[101.7125519,3.1536821],[101.7125476,3.1537296]]}},{"type":"Feature","properties":{"name":"","kind":"footway"},"geometry":{"type":"LineString","coordinates":[[101.7125519,3.1536821],[101.7125183,3.1536747]]}},{"type":"Feature","properties":{"name":"","kind":"footway"},"geometry":{"type":"LineString","coordinates":[[101.7132694,3.1532886],[101.7132272,3.1532717],[101.7132096,3.1532203],[101.7131347,3.1532213],[101.7129743,3.1532961]]}},{"type":"Feature","properties":{"name":"","kind":"service"},"geometry":{"type":"LineString","coordinates":[[101.7087912,3.1565837],[101.7089006,3.1570609]]}},{"type":"Feature","properties":{"name":"","kind":"service"},"geometry":{"type":"LineString","coordinates":[[101.7094436,3.1573001],[101.7096817,3.1569747],[101.7098131,3.1567899],[101.71001,3.1565029]]}},{"type":"Feature","properties":{"name":"Jalan P. Ramlee","kind":"tertiary"},"geometry":{"type":"LineString","coordinates":[[101.710036,3.1564711],[101.7099174,3.1563607]]}},{"type":"Feature","properties":{"name":"","kind":"service"},"geometry":{"type":"LineString","coordinates":[[101.710036,3.1564711],[101.71001,3.1565029]]}},{"type":"Feature","properties":{"name":"Jalan P. Ramlee","kind":"tertiary"},"geometry":{"type":"LineString","coordinates":[[101.710036,3.1564711],[101.7101363,3.1565643],[101.7104076,3.1567771],[101.7105928,3.1569725],[101.7106251,3.1570758],[101.7106271,3.157179],[101.7106182,3.1573637],[101.710568,3.1577687],[101.7105169,3.1580629]]}},{"type":"Feature","properties":{"name":"","kind":"service"},"geometry":{"type":"LineString","coordinates":[[101.7114412,3.1550182],[101.7114133,3.1550042]]}},{"type":"Feature","properties":{"name":"","kind":"service"},"geometry":{"type":"LineString","coordinates":[[101.7114412,3.1550182],[101.7114865,3.1550408]]}},{"type":"Feature","properties":{"name":"","kind":"service"},"geometry":{"type":"LineString","coordinates":[[101.7114412,3.1550182],[101.71141,3.155087],[101.7113779,3.155133]]}}]}